policy_label,policy_name,num_instances,cache_size_tokens_per_instance,request_count,input_tokens,output_tokens,total_tokens,simulated_cached_tokens,token_hit_rate,request_hit_rate,max_mean_req_count,max_mean_token_load,cv_req_count,cv_token_load,jain_req_count,jain_token_load,total_logical_cache_tokens,total_physical_cache_tokens,effective_replication_ratio,effective_cache_size_ratio,elapsed_sec,model,cache_size,load_metric,max_min_token_load,max_min_req_count,max_min_input_tokens,load_imbalance_pct
cache_first,cache_first,5,1125,4223356,135338664262,1147556664,136486220926,51743281908,0.3823244613071619,0.4097435783296506,1.006209280013335,1.0038942124593546,0.0038416703246197,0.003948887201916,0.999985241786925,0.9999844065330264,49566082966,70043024669,1.413124065443021,0.7076519496442765,58.10165286064148,minimax_m25,1125,total_tokens,1.0104228987131372,1.010351767515564,1.0128869221695918,0.3894212459354618
load_first,load_first,5,1125,4223356,135338664262,1147556664,136486220926,10168568331,0.075134244795817,0.1043253280092893,1.0077507082045654,1.0094806731290096,0.0053743854286599,0.0068626038097716,0.9999711168155266,0.9999529068868158,49566082966,99525160759,2.007928704539142,0.4980256508806268,47.5464928150177,minimax_m25,1125,total_tokens,1.0171283224092984,1.0126326433499881,1.0127991655983162,0.9480673129009576
round_robin,round_robin,5,1125,4223356,135338664262,1147556664,136486220926,11153064374,0.0824085595555233,0.1083903417092947,1.000000947114096,1.0065479634871952,4.735570479969011e-07,0.0037278070879537,0.9999999999997756,0.999986103647426,49566082966,101941652521,2.0566816343128664,0.4862201243577974,38.759599447250366,minimax_m25,1125,total_tokens,1.0102370771484401,1.0000011838914986,1.0030679008954717,0.6547963487195219
sticky,sticky,5,1125,4223356,135338664262,1147556664,136486220926,14235100740,0.1051813302401336,0.1367916888843848,4.4208125007695305,4.798720184327988,1.7131946090488288,1.899371742895676,0.2541272961256476,0.2170321153613031,49566082966,49566082966,1.0,1.0,38.921591997146606,minimax_m25,1125,total_tokens,112.65738854259733,87.00219012115564,104.16169066303094,379.87201843279877
cache_first,cache_first,5,5000,4223356,135338664262,1147556664,136486220926,51840966298,0.3830462387129955,0.418857894053923,1.0085297095485202,1.0079339333070088,0.0067279338444666,0.0075820102503197,0.9999547369550204,0.9999425164251156,49566082966,69952233849,1.411292352816823,0.7085704092451734,58.07133340835571,minimax_m25,5000,total_tokens,1.0217301758691397,1.0202559631313446,1.013933841617422,0.7933933307008756
load_first,load_first,5,5000,4223356,135338664262,1147556664,136486220926,10195306427,0.075331809151471,0.1088473242606117,1.0077507082045654,1.0094740190642353,0.0053743854286599,0.0068612658032711,0.9999711168155266,0.9999529252477132,49566082966,99525160759,2.007928704539142,0.4980256508806268,47.65304160118103,minimax_m25,5000,total_tokens,1.0170927486435128,1.0126326433499881,1.0127991655983162,0.9474019064235284
round_robin,round_robin,5,5000,4223356,135338664262,1147556664,136486220926,11180616123,0.0826121358886446,0.1129679809137567,1.000000947114096,1.006563484287073,4.735570479969011e-07,0.0037353953137536,0.9999999999997756,0.9999860470165384,49566082966,101941652521,2.0566816343128664,0.4862201243577974,39.01459550857544,minimax_m25,5000,total_tokens,1.0102567261061273,1.0000011838914986,1.0030679008954717,0.6563484287072985
sticky,sticky,5,5000,4223356,135338664262,1147556664,136486220926,14264203987,0.1053963703926185,0.1421755589630616,4.4208125007695305,4.798828205015029,1.7131946090488288,1.8994258220954616,0.2541272961256476,0.2170224391565129,49566082966,49566082966,1.0,1.0,39.50558018684387,minimax_m25,5000,total_tokens,112.66746940917739,87.00219012115564,104.16169066303094,379.8828205015029
cache_first,cache_first,5,25000,4223356,135338664262,1147556664,136486220926,54166453914,0.400228967895974,0.4604340718613349,1.002157999467722,1.0044094224403686,0.0021270633885807,0.0026747111725486,0.999995475621811,0.9999928459713237,49566082966,68789784072,1.3878398282790785,0.7205442441005603,57.893608808517456,minimax_m25,25000,total_tokens,1.0073705101228738,1.0059979939342656,1.0036601920796595,0.4409422440368571
load_first,load_first,5,25000,4223356,135338664262,1147556664,136486220926,11086321457,0.0819154047178873,0.1323554064587498,1.0077507082045654,1.0095168270510202,0.0053743854286599,0.0067899056149035,0.9999711168155266,0.9999538993071126,49566082966,99525160759,2.007928704539142,0.4980256508806268,48.29865837097168,minimax_m25,25000,total_tokens,1.0170185642375342,1.0126326433499881,1.0127991655983162,0.9516827051020194
round_robin,round_robin,5,25000,4223356,135338664262,1147556664,136486220926,12129286270,0.0896217377062263,0.1368082633810647,1.000000947114096,1.0066489513472057,4.735570479969011e-07,0.0038433384205595,0.9999999999997756,0.9999852289679716,49566082966,101941652521,2.0566816343128664,0.4862201243577974,38.559226989746094,minimax_m25,25000,total_tokens,1.0105601766136387,1.0000011838914986,1.0030679008954717,0.6648951347205667
sticky,sticky,5,25000,4223356,135338664262,1147556664,136486220926,15198659469,0.1123009418770171,0.1697855923109489,4.4208125007695305,4.801604335429364,1.7131946090488288,1.9008115478889436,0.2541272961256476,0.2167746962366626,49566082966,49566082966,1.0,1.0,39.03398108482361,minimax_m25,25000,total_tokens,112.19648439595157,87.00219012115564,104.16169066303094,380.16043354293635
cache_first,cache_first,5,50000,4223356,135338664262,1147556664,136486220926,60783886672,0.4491243282431798,0.5398933928373549,1.0123359243217953,1.014783463228312,0.007277137050305,0.0122517399605661,0.9999470460806172,0.9998499173961076,49566082966,65325972093,1.317957122773057,0.7587500251115475,56.44728994369507,minimax_m25,50000,total_tokens,1.0341481055102018,1.0206312432338236,1.0170210934470834,1.4783463228311922
load_first,load_first,5,50000,4223356,135338664262,1147556664,136486220926,14835904530,0.1096205922446478,0.1872690817444705,1.0077507082045654,1.0086173904223197,0.0053743854286599,0.0066808016754567,0.9999711168155266,0.999955368880999,49566082966,99525160759,2.007928704539142,0.4980256508806268,47.4516282081604,minimax_m25,50000,total_tokens,1.0166127105233687,1.0126326433499881,1.0127991655983162,0.8617390422319682
round_robin,round_robin,5,50000,4223356,135338664262,1147556664,136486220926,15903399514,0.1175081755145215,0.1900275515490524,1.000000947114096,1.006747429621281,4.735570479969011e-07,0.0038882700198528,0.9999999999997756,0.9999848815848228,49566082966,101941652521,2.0566816343128664,0.4862201243577974,38.64111232757568,minimax_m25,50000,total_tokens,1.0108781715068127,1.0000011838914986,1.0030679008954717,0.6747429621281054
sticky,sticky,5,50000,4223356,135338664262,1147556664,136486220926,20052597363,0.1481660652729695,0.2418408488415374,4.4208125007695305,4.818376323300269,1.7131946090488288,1.909188986940596,0.2541272961256476,0.2152851330189959,49566082966,49566082966,1.0,1.0,38.602604389190674,minimax_m25,50000,total_tokens,112.6292802748446,87.00219012115564,104.16169066303094,381.8376323300269
cache_first,cache_first,5,100000,4223356,135338664262,1147556664,136486220926,70733361677,0.5226397206054021,0.6278457226906754,1.003888850478151,1.0020092727930965,0.0044980369055921,0.0013930826479932,0.9999797680733352,0.999998059324502,49566082966,59696721202,1.2043865004008718,0.8302982470055558,55.23528528213501,minimax_m25,100000,total_tokens,1.0042191715229005,1.0121367074525924,1.0088020362310464,0.20092727930964838
load_first,load_first,5,100000,4223356,135338664262,1147556664,136486220926,22682551582,0.1675984590633258,0.2672232698356473,1.0077507082045654,1.0087285800861183,0.0053743854286599,0.0072101392641694,0.9999711168155266,0.9999480165942064,49566082966,99525160759,2.007928704539142,0.4980256508806268,47.24715566635132,minimax_m25,100000,total_tokens,1.0173611610742432,1.0126326433499881,1.0127991655983162,0.872858008611832
round_robin,round_robin,5,100000,4223356,135338664262,1147556664,136486220926,22731909465,0.1679631581186116,0.2551321745076664,1.000000947114096,1.0066399565838635,4.735570479969011e-07,0.0040814438405644,0.9999999999997756,0.9999833420936668,49566082966,101941652521,2.0566816343128664,0.4862201243577974,38.25132608413696,minimax_m25,100000,total_tokens,1.011275191441794,1.0000011838914986,1.0030679008954717,0.6639956583863516
sticky,sticky,5,100000,4223356,135338664262,1147556664,136486220926,33481093673,0.2473874990238153,0.3741709199982194,4.4208125007695305,4.836264422110778,1.7131946090488288,1.918140590844576,0.2541272961256476,0.2137088533554176,49566082966,49566082966,1.0,1.0,38.958961963653564,minimax_m25,100000,total_tokens,151.19136055003227,87.00219012115564,104.16169066303094,383.6264422110778
cache_first,cache_first,5,250000,4223356,135338664262,1147556664,136486220926,82975425293,0.6130947556299888,0.7183114565762394,1.004297293432048,1.0129815091684882,0.0026853563184505,0.007664980113636,0.9999927889134432,0.999941251531443,49566082966,51408032825,1.0371614973138688,0.9641699991658842,54.91958618164063,minimax_m25,250000,total_tokens,1.0240871352462029,1.0069978050989605,1.0045502842633913,1.298150916848817
load_first,load_first,5,250000,4223356,135338664262,1147556664,136486220926,32633434542,0.241124254624129,0.3571463073442068,1.0077507082045654,1.0101268763902804,0.0053743854286599,0.0081005600544034,0.9999711168155266,0.9999343852323852,49566082966,99525160759,2.007928704539142,0.4980256508806268,47.498846769332886,minimax_m25,250000,total_tokens,1.0199317441159292,1.0126326433499881,1.0127991655983162,1.0126876390280426
round_robin,round_robin,5,250000,4223356,135338664262,1147556664,136486220926,30520721309,0.2255136880168657,0.323653985124626,1.000000947114096,1.005659858491483,4.735570479969011e-07,0.0037742944681928,0.9999999999997756,0.9999857549041932,49566082966,101941652521,2.0566816343128664,0.4862201243577974,38.59571623802185,minimax_m25,250000,total_tokens,1.0107138332879113,1.0000011838914986,1.0030679008954717,0.5659858491483094
sticky,sticky,5,250000,4223356,135338664262,1147556664,136486220926,73291103225,0.541538544248648,0.6635898086734815,4.4208125007695305,4.838893684445216,1.7131946090488288,1.9194705786296624,0.2541272961256476,0.213476001236077,49566082966,49566082966,1.0,1.0,39.17876577377319,minimax_m25,250000,total_tokens,176.8944989076106,87.00219012115564,104.16169066303094,383.88936844452155
cache_first,cache_first,5,500000,4223356,135338664262,1147556664,136486220926,85138501209,0.6290774456306271,0.732119669760257,1.003704163229432,1.0048075396116312,0.0019558260673529,0.0039865053308954,0.9999961747590268,0.9999841080278056,49566082966,50451571987,1.0178648173915097,0.9824487327921484,55.46634221076965,minimax_m25,500000,total_tokens,1.0119876759525357,1.0055186040884874,1.0057284588328692,0.4807539611631162
load_first,load_first,5,500000,4223356,135338664262,1147556664,136486220926,33876805194,0.2503113606058533,0.3691495578397842,1.0077507082045654,1.009006621894908,0.0053743854286599,0.0075484198988677,0.9999711168155266,0.9999430246034112,49566082966,99525160759,2.007928704539142,0.4980256508806268,48.71376729011536,minimax_m25,500000,total_tokens,1.018820307206785,1.0126326433499881,1.0127991655983162,0.9006621894908085
round_robin,round_robin,5,500000,4223356,135338664262,1147556664,136486220926,31405878653,0.2320540018941065,0.332819681788606,1.000000947114096,1.005470257673316,4.735570479969011e-07,0.0034484897182517,0.9999999999997756,0.9999881080600832,49566082966,101941652521,2.0566816343128664,0.4862201243577974,38.62514305114746,minimax_m25,500000,total_tokens,1.0097845453882943,1.0000011838914986,1.0030679008954717,0.5470257673316103
sticky,sticky,5,500000,4223356,135338664262,1147556664,136486220926,86477921853,0.6389742526613736,0.7412690287060811,4.4208125007695305,4.8374068194211945,1.7131946090488288,1.9187315155847768,0.2541272961256476,0.2136053524518622,49566082966,49566082966,1.0,1.0,39.69453978538513,minimax_m25,500000,total_tokens,168.71523005974726,87.00219012115564,104.16169066303094,383.74068194211947
cache_first,cache_first,5,1000000,4223356,135338664262,1147556664,136486220926,85890487539,0.6346337759971235,0.7368779709785299,1.0056125981328594,1.0061045354418778,0.003552136817599,0.0042227482789638,0.9999873824832328,0.9999821687149332,49566082966,50150558172,1.0117918377048458,0.9883455892156686,55.35395860671997,minimax_m25,1000000,total_tokens,1.0126637549291195,1.0112264176775005,1.0109189126711597,0.6104535441877834
load_first,load_first,5,1000000,4223356,135338664262,1147556664,136486220926,34575503228,0.255473950600442,0.375454259598291,1.0077507082045654,1.008988550289304,0.0053743854286599,0.0074169670959593,0.9999711168155266,0.9999449916251854,49566082966,99525160759,2.007928704539142,0.4980256508806268,48.311638593673706,minimax_m25,1000000,total_tokens,1.0182173042327045,1.0126326433499881,1.0127991655983162,0.8988550289303898
round_robin,round_robin,5,1000000,4223356,135338664262,1147556664,136486220926,32089783387,0.2371072860958483,0.3389531926742619,1.000000947114096,1.0053732660139847,4.735570479969011e-07,0.0033015799624703,0.9999999999997756,0.9999890996885696,49566082966,101941652521,2.0566816343128664,0.4862201243577974,38.95854663848877,minimax_m25,1000000,total_tokens,1.0096252779535706,1.0000011838914986,1.0030679008954717,0.537326601398469
sticky,sticky,5,1000000,4223356,135338664262,1147556664,136486220926,86707749023,0.6406724160890478,0.7426302684405482,4.4208125007695305,4.851533292983978,1.7131946090488288,1.925792232515921,0.2541272961256476,0.21237393672151,49566082966,49566082966,1.0,1.0,39.83166193962097,minimax_m25,1000000,total_tokens,183.46842256157387,87.00219012115564,104.16169066303094,385.1533292983978
cache_first,cache_first,5,5000000,4223356,135338664262,1147556664,136486220926,86516596409,0.6392600139862019,0.7406346990402893,1.0024172719515003,1.007667402460949,0.0018204888006595,0.0062661387992263,0.9999966858315104,0.9999607370461888,49566082966,49829761922,1.0053197456853888,0.9947084042582272,54.4229724407196,minimax_m25,5000000,total_tokens,1.015341394905624,1.0052451869651524,1.0090805992080554,0.7667402460949102
load_first,load_first,5,5000000,4223356,135338664262,1147556664,136486220926,35994472372,0.2659585312761685,0.387223809690682,1.0077507082045654,1.0093653572394627,0.0053743854286599,0.007744613875031,0.9999711168155266,0.9999400245531967,49566082966,99525160759,2.007928704539142,0.4980256508806268,47.74174118041992,minimax_m25,5000000,total_tokens,1.018743315338431,1.0126326433499881,1.0127991655983162,0.9365357239462746
round_robin,round_robin,5,5000000,4223356,135338664262,1147556664,136486220926,33537188075,0.2478019733523886,0.3509391583375874,1.000000947114096,1.005659551485578,4.735570479969011e-07,0.003259678885959,0.9999999999997756,0.9999893746064604,49566082966,101941652521,2.0566816343128664,0.4862201243577974,38.3768744468689,minimax_m25,5000000,total_tokens,1.0095638288608013,1.0000011838914986,1.0030679008954717,0.5659551485577952
sticky,sticky,5,5000000,4223356,135338664262,1147556664,136486220926,86883707614,0.6419725515082902,0.7439308928728717,4.4208125007695305,4.866182409507669,1.7131946090488288,1.9331055557933228,0.2541272961256476,0.2111086605924103,49566082966,49566082966,1.0,1.0,39.40485239028931,minimax_m25,5000000,total_tokens,189.22472716818808,87.00219012115564,104.16169066303094,386.6182409507669
cache_first,cache_first,10,1125,4223356,135338664262,1147556664,136486220926,68064446719,0.5029194509208034,0.5186569637984579,1.0149298330521983,1.0119640095308045,0.008760912846337,0.0080958008990249,0.9999232522967608,0.9999344623032748,49566082966,61881560303,1.2484658177538024,0.8009830832206254,76.95387482643127,minimax_m25,1125,total_tokens,1.0326260135962355,1.0307189558200098,1.026198444730262,1.1964009530804454
load_first,load_first,10,1125,4223356,135338664262,1147556664,136486220926,8262516247,0.0610506708637579,0.0956156667825302,1.0112147780106626,1.012689866578554,0.0051765958116886,0.0080416062618446,0.99997320357387,0.9999353367503356,49566082966,113268709806,2.285205992244677,0.4375973121870451,60.09803485870361,minimax_m25,1125,total_tokens,1.0245298245848116,1.0179893498853467,1.0179344138363118,1.2689866578553977
round_robin,round_robin,10,1125,4223356,135338664262,1147556664,136486220926,11671952140,0.0862425545844345,0.115981461188685,1.000000947114096,1.0071371949590633,1.1599731316910903e-06,0.0042895776306258,0.9999999999986544,0.999981599862322,49566082966,117483370093,2.37023712714172,0.4218987157651625,44.21287655830383,minimax_m25,1125,total_tokens,1.0121869213983445,1.0000023677829974,1.004937291632605,0.7137194959063287
sticky,sticky,10,1125,4223356,135338664262,1147556664,136486220926,14842300921,0.1096678543558478,0.1403502333215575,8.841625001539061,9.64847119952696,2.6195483557422623,2.88292535496054,0.1271935547969632,0.107396866816237,49566082966,49566082966,1.0,1.0,44.38464140892029,minimax_m25,1125,total_tokens,18486.615267822704,5229.879551820728,16934.039057685844,864.847119952696
cache_first,cache_first,10,5000,4223356,135338664262,1147556664,136486220926,68207882566,0.5039792799636136,0.5290522513375618,1.0133813015052484,1.014588411576808,0.0088111011240107,0.0083344259251218,0.999922370523786,0.9999305421692242,49566082966,61807996307,1.2469816577879953,0.8019364148257698,77.05593276023865,minimax_m25,5000,total_tokens,1.026480550160269,1.0279450370238716,1.018367965291985,1.4588411576808014
load_first,load_first,10,5000,4223356,135338664262,1147556664,136486220926,8288662821,0.0612438645393611,0.1000188002148054,1.0112147780106626,1.0126842601807826,0.0051765958116886,0.0080432996390614,0.99997320357387,0.9999353095160456,49566082966,113268709806,2.285205992244677,0.4375973121870451,58.57087302207947,minimax_m25,5000,total_tokens,1.0244902772629119,1.0179893498853467,1.0179344138363118,1.2684260180782614
round_robin,round_robin,10,5000,4223356,135338664262,1147556664,136486220926,11685315410,0.086341294069362,0.1181662166296187,1.000000947114096,1.0071228320910002,1.1599731316910903e-06,0.004284765021471,0.9999999999986544,0.9999816411257652,49566082966,117483370093,2.37023712714172,0.4218987157651625,44.467118978500366,minimax_m25,5000,total_tokens,1.0121834856345016,1.0000023677829974,1.004937291632605,0.7122832091000175
sticky,sticky,10,5000,4223356,135338664262,1147556664,136486220926,14871826951,0.1098860183975945,0.1458240792393537,8.841625001539061,9.648722410053765,2.6195483557422623,2.8830090046472305,0.1271935547969632,0.1073913039996623,49566082966,49566082966,1.0,1.0,45.00297999382019,minimax_m25,5000,total_tokens,18482.545707902675,5229.879551820728,16934.039057685844,864.8722410053765
cache_first,cache_first,10,25000,4223356,135338664262,1147556664,136486220926,70048461170,0.5175790787649144,0.567238944573936,1.010547062572987,1.0133890501414071,0.00855407681263,0.0100182404555239,0.9999268331236671,0.999899644930326,49566082966,60734314441,1.2253200335128536,0.8161133194999787,75.7916579246521,minimax_m25,25000,total_tokens,1.0304539394145358,1.0258067462396707,1.023731220337776,1.3389050141407122
load_first,load_first,10,25000,4223356,135338664262,1147556664,136486220926,9098695465,0.0672290916613893,0.1216544378451638,1.0112147780106626,1.0126768017365166,0.0051765958116886,0.0081070198266341,0.99997320357387,0.9999342805488608,49566082966,113268709806,2.285205992244677,0.4375973121870451,58.51956248283386,minimax_m25,25000,total_tokens,1.0244782858849217,1.0179893498853467,1.0179344138363118,1.267680173651664
round_robin,round_robin,10,25000,4223356,135338664262,1147556664,136486220926,12155465540,0.0898151729683723,0.1303094032328792,1.000000947114096,1.0073228566581436,1.1599731316910903e-06,0.0043336103415474,0.9999999999986544,0.999981220174096,49566082966,117483370093,2.37023712714172,0.4218987157651625,43.94711494445801,minimax_m25,25000,total_tokens,1.012343228105882,1.0000023677829974,1.004937291632605,0.7322856658143584
sticky,sticky,10,25000,4223356,135338664262,1147556664,136486220926,15808724459,0.1168086336983209,0.1736929115139713,8.841625001539061,9.654540956101563,2.6195483557422623,2.8849428253133635,0.1271935547969632,0.1072628179017701,49566082966,49566082966,1.0,1.0,44.260101556777954,minimax_m25,25000,total_tokens,19628.183641901036,5229.879551820728,16934.039057685844,865.4540956101563
cache_first,cache_first,10,50000,4223356,135338664262,1147556664,136486220926,74065099070,0.5472575000933845,0.6247834660398034,1.010698600828346,1.0107165461190952,0.0075834843106608,0.0090660981371747,0.9999424940728318,0.9999178126198875,49566082966,58407432753,1.1783749947129118,0.8486262900067992,74.65575218200684,minimax_m25,50000,total_tokens,1.025802428895878,1.0240775972304526,1.019059227723044,1.0716546119095227
load_first,load_first,10,50000,4223356,135338664262,1147556664,136486220926,12141438162,0.0897115264747668,0.1669002092175038,1.0112147780106626,1.012335550914662,0.0051765958116886,0.0081193012793401,0.99997320357387,0.9999340812922975,49566082966,113268709806,2.285205992244677,0.4375973121870451,58.14199781417847,minimax_m25,50000,total_tokens,1.0248391737220603,1.0179893498853467,1.0179344138363118,1.2335550914662097
round_robin,round_robin,10,50000,4223356,135338664262,1147556664,136486220926,13563398375,0.1002182077749993,0.1510625673042954,1.000000947114096,1.0072444337891762,1.1599731316910903e-06,0.0042862068071033,0.9999999999986544,0.9999816287687152,49566082966,117483370093,2.37023712714172,0.4218987157651625,45.019041538238525,minimax_m25,50000,total_tokens,1.012554845330475,1.0000023677829974,1.004937291632605,0.7244433789176163
sticky,sticky,10,50000,4223356,135338664262,1147556664,136486220926,20670415339,0.1527310429116136,0.2460569272398538,8.841625001539061,9.690895080736908,2.6195483557422623,2.8970375958886403,0.1271935547969632,0.1064642218883426,49566082966,49566082966,1.0,1.0,44.70000100135803,minimax_m25,50000,total_tokens,23541.173066744388,5229.879551820728,16934.039057685844,869.0895080736908
cache_first,cache_first,10,100000,4223356,135338664262,1147556664,136486220926,78136876627,0.5773433412623021,0.6752390752756813,1.0109117014999447,1.0179957436829234,0.0058738319207184,0.0090927967517467,0.9999654992889072,0.9999173278824752,49566082966,55979293381,1.1293870734025755,0.885436024150017,73.66223788261414,minimax_m25,100000,total_tokens,1.030636222537471,1.0199744854079469,1.0190830482846607,1.7995743682923449
load_first,load_first,10,100000,4223356,135338664262,1147556664,136486220926,17034862759,0.1258684120453743,0.2187634667785524,1.0112147780106626,1.011491090198002,0.0051765958116886,0.0079909507966289,0.99997320357387,0.999936148782604,49566082966,113268709806,2.285205992244677,0.4375973121870451,56.96440529823303,minimax_m25,100000,total_tokens,1.0241166309903773,1.0179893498853467,1.0179344138363118,1.1491090198002096
round_robin,round_robin,10,100000,4223356,135338664262,1147556664,136486220926,15105878790,0.1116153973616642,0.1678300384812457,1.000000947114096,1.0067235622553068,1.1599731316910903e-06,0.0043302113159573,0.9999999999986544,0.9999812496215424,49566082966,117483370093,2.37023712714172,0.4218987157651625,43.46992325782776,minimax_m25,100000,total_tokens,1.0125987279470101,1.0000023677829974,1.004937291632605,0.6723562255306792
sticky,sticky,10,100000,4223356,135338664262,1147556664,136486220926,33953496198,0.250878020580061,0.3773413844345586,8.841625001539061,9.722051205766665,2.6195483557422623,2.9074128506858834,0.1271935547969632,0.1057859690311898,49566082966,49566082966,1.0,1.0,44.16076302528381,minimax_m25,100000,total_tokens,22662.384546555484,5229.879551820728,16934.039057685844,872.2051205766664
cache_first,cache_first,10,250000,4223356,135338664262,1147556664,136486220926,84538665368,0.6246453356768981,0.729066173914773,1.0099195994843913,1.0090538913800868,0.0065715331880481,0.0081243358062817,0.9999568168164262,0.9999339995240571,49566082966,51180429353,1.032569577630481,0.9684577404408709,73.40190291404724,minimax_m25,250000,total_tokens,1.0250511025314255,1.0195897506998046,1.0276304166192984,0.9053891380086831
load_first,load_first,10,250000,4223356,135338664262,1147556664,136486220926,20524186404,0.1516505761004671,0.2525737825558631,1.0112147780106626,1.0112260780798517,0.0051765958116886,0.0075597017838565,0.99997320357387,0.9999428541747712,49566082966,113268709806,2.285205992244677,0.4375973121870451,57.79599523544312,minimax_m25,250000,total_tokens,1.0227220799408665,1.0179893498853467,1.0179344138363118,1.1226078079851654
round_robin,round_robin,10,250000,4223356,135338664262,1147556664,136486220926,16332367125,0.1206777620723552,0.1816474860276993,1.000000947114096,1.0065566285975265,1.1599731316910903e-06,0.0043065232783598,0.9999999999986544,0.9999814542012062,49566082966,117483370093,2.37023712714172,0.4218987157651625,44.50703501701355,minimax_m25,250000,total_tokens,1.0131570987330578,1.0000023677829974,1.004937291632605,0.6556628597526482
sticky,sticky,10,250000,4223356,135338664262,1147556664,136486220926,73468563726,0.5428497770878938,0.6650490747168839,8.841625001539061,9.703123410939227,2.6195483557422623,2.9011009624130826,0.1271935547969632,0.1061978465694578,49566082966,49566082966,1.0,1.0,44.9070098400116,minimax_m25,250000,total_tokens,15016.535305382795,5229.879551820728,16934.039057685844,870.3123410939227
cache_first,cache_first,10,500000,4223356,135338664262,1147556664,136486220926,85821300613,0.6341225626910274,0.7365185411791002,1.0100332531759104,1.0092563369471843,0.0051803847040878,0.0080158622412279,0.99997316433449,0.9999357500808472,49566082966,50371614351,1.016251665187111,0.9840082277413846,74.07728910446167,minimax_m25,500000,total_tokens,1.024141864925735,1.0175348203700656,1.0156048630011283,0.9256336947184307
load_first,load_first,10,500000,4223356,135338664262,1147556664,136486220926,21027664096,0.1553707080726973,0.2572354781363447,1.0112147780106626,1.0112808802251003,0.0051765958116886,0.0075538895102264,0.99997320357387,0.9999429420090672,49566082966,113268709806,2.285205992244677,0.4375973121870451,57.95882105827332,minimax_m25,500000,total_tokens,1.0227657923401023,1.0179893498853467,1.0179344138363118,1.128088022510032
round_robin,round_robin,10,500000,4223356,135338664262,1147556664,136486220926,16740633505,0.1236943898943177,0.185511948317878,1.000000947114096,1.0062203390302855,1.1599731316910903e-06,0.0041994506046894,0.9999999999986544,0.9999823649256202,49566082966,117483370093,2.37023712714172,0.4218987157651625,44.15232706069946,minimax_m25,500000,total_tokens,1.012938946338955,1.0000023677829974,1.004937291632605,0.6220339030285515
sticky,sticky,10,500000,4223356,135338664262,1147556664,136486220926,86589087558,0.6397956417714715,0.7423283758224501,8.841625001539061,9.693794482292642,2.6195483557422623,2.8979892683012958,0.1271935547969632,0.1064017484537794,49566082966,49566082966,1.0,1.0,45.53815031051636,minimax_m25,500000,total_tokens,11992.38495197084,5229.879551820728,16934.039057685844,869.3794482292642
cache_first,cache_first,10,1000000,4223356,135338664262,1147556664,136486220926,86239646607,0.6372136674856641,0.7389327350097884,1.0103458008275883,1.019985420949009,0.005005602407279,0.0110919873409853,0.9999749445723304,0.9998769829518834,49566082966,50092145468,1.01061335636227,0.9894981040024317,74.11907696723938,minimax_m25,1000000,total_tokens,1.039510575305191,1.0200883091921407,1.0191414962051284,1.9985420949008903
load_first,load_first,10,1000000,4223356,135338664262,1147556664,136486220926,21509164150,0.1589284501017443,0.2618159586830946,1.0112147780106626,1.0115835723136843,0.0051765958116886,0.0075449860231088,0.99997320357387,0.9999430764263888,49566082966,113268709806,2.285205992244677,0.4375973121870451,57.96948599815369,minimax_m25,1000000,total_tokens,1.0227882499754957,1.0179893498853467,1.0179344138363118,1.1583572313684343
round_robin,round_robin,10,1000000,4223356,135338664262,1147556664,136486220926,17219038849,0.127229265508827,0.1900455467168763,1.000000947114096,1.0065839861630252,1.1599731316910903e-06,0.0043542532783223,0.9999999999986544,0.9999810408378448,49566082966,117483370093,2.37023712714172,0.4218987157651625,44.20038294792175,minimax_m25,1000000,total_tokens,1.0137173465975569,1.0000023677829974,1.004937291632605,0.6583986163025246
sticky,sticky,10,1000000,4223356,135338664262,1147556664,136486220926,86816490577,0.641475893458896,0.7434755677712227,8.841625001539061,9.720240243018615,2.6195483557422623,2.906793959146936,0.1271935547969632,0.1058262524671645,49566082966,49566082966,1.0,1.0,44.69605922698975,minimax_m25,1000000,total_tokens,12251.144510546666,5229.879551820728,16934.039057685844,872.0240243018616
cache_first,cache_first,10,5000000,4223356,135338664262,1147556664,136486220926,86632422685,0.6401158394565625,0.7416457433377627,1.0159953364101917,1.0301666135949152,0.0084725148225737,0.0124802458001806,0.9999282216450832,0.9998442677210874,49566082966,49800072476,1.0047207585509734,0.9953014222998818,72.99335551261902,minimax_m25,5000000,total_tokens,1.0472420337090451,1.0321534668350472,1.0285177532440564,3.0166613594915237
load_first,load_first,10,5000000,4223356,135338664262,1147556664,136486220926,22535833161,0.1665143755030213,0.2705246727957577,1.0112147780106626,1.0111541517176954,0.0051765958116886,0.0074571774973114,0.99997320357387,0.9999443935960176,49566082966,113268709806,2.285205992244677,0.4375973121870451,58.32715225219727,minimax_m25,5000000,total_tokens,1.0223230692633334,1.0179893498853467,1.0179344138363118,1.1154151717695404
round_robin,round_robin,10,5000000,4223356,135338664262,1147556664,136486220926,18285205738,0.1351070356553982,0.1989394216353061,1.000000947114096,1.0063849800564066,1.1599731316910903e-06,0.0043534385844676,0.9999999999986544,0.9999810479316792,49566082966,117483370093,2.37023712714172,0.4218987157651625,43.869957447052,minimax_m25,5000000,total_tokens,1.0138953983445418,1.0000023677829974,1.004937291632605,0.6384980056406642
sticky,sticky,10,5000000,4223356,135338664262,1147556664,136486220926,86899758832,0.6420911518956041,0.7440904815980467,8.841625001539061,9.734768977106414,2.6195483557422623,2.91163153905611,0.1271935547969632,0.1055119637770042,49566082966,49566082966,1.0,1.0,44.61184549331665,minimax_m25,5000000,total_tokens,12251.144510546666,5229.879551820728,16934.039057685844,873.4768977106414
cache_first,cache_first,15,1125,4223356,135338664262,1147556664,136486220926,74416883190,0.5498567877538493,0.575334165530919,1.0162664478201695,1.0329073835669127,0.0123203811581408,0.0166034300148988,0.9998482312453694,0.9997244020868886,49566082966,58198234730,1.1741544065509726,0.8516767423608761,96.18623638153076,minimax_m25,1125,total_tokens,1.063466634873212,1.036660519746829,1.0315961817982984,3.2907383566912696
load_first,load_first,15,1125,4223356,135338664262,1147556664,136486220926,7068252416,0.0522264088724614,0.0884940791162288,1.0136488612373666,1.017667410805682,0.0095197238110803,0.0101261638459662,0.9999093830707328,0.9998974713189732,49566082966,119006403401,2.400964455525622,0.416499293731143,68.3555235862732,minimax_m25,1125,total_tokens,1.036308635520069,1.0368302314513755,1.0304567138920429,1.7667410805682016
round_robin,round_robin,15,1125,4223356,135338664262,1147556664,136486220926,6193228225,0.0457609675606863,0.0747973886170145,1.000003314899336,1.012566090814254,8.859441133482333e-07,0.005373845863499,0.9999999999992152,0.999971122614563,49566082966,126495274885,2.5520530837946143,0.3918413791429107,50.1552791595459,minimax_m25,1125,total_tokens,1.022044659818963,1.0000035516660866,1.0061413108576707,1.2566090814253972
sticky,sticky,15,1125,4223356,135338664262,1147556664,136486220926,14842548349,0.1096696825695467,0.1403518907712255,13.262437502308591,14.4729307204329,3.285277504319317,3.601015830203948,0.0847957183100094,0.0715957218211569,49566082966,49566082966,1.0,1.0,51.05902647972107,minimax_m25,1125,total_tokens,189452.464396765,3734134.0,128610504363.0,1347.29307204329
cache_first,cache_first,15,5000,4223356,135338664262,1147556664,136486220926,74504940254,0.5505074300849242,0.5857102740095791,1.019583714941388,1.0204903365603704,0.0103395671289275,0.0118715554166477,0.9998931047793962,0.9998590860315344,49566082966,58138834812,1.1729560080807775,0.8525468927314904,95.28037071228027,minimax_m25,5000,total_tokens,1.0461325695922374,1.0335513927842364,1.0327561494846453,2.049033656037036
load_first,load_first,15,5000,4223356,135338664262,1147556664,136486220926,7093334743,0.0524117389637312,0.092746858185765,1.0136488612373666,1.017683679591968,0.0095197238110803,0.0101194490259845,0.9999093830707328,0.999897607236762,49566082966,119006403401,2.400964455525622,0.416499293731143,67.62091088294983,minimax_m25,5000,total_tokens,1.036281118315694,1.0368302314513755,1.0304567138920429,1.7683679591967927
round_robin,round_robin,15,5000,4223356,135338664262,1147556664,136486220926,6200091593,0.0458116801049354,0.075935109424827,1.000003314899336,1.012570609186325,8.859441133482333e-07,0.0053755787295119,0.9999999999992152,0.9999711039883264,49566082966,126495274885,2.5520530837946143,0.3918413791429107,49.82201170921326,minimax_m25,5000,total_tokens,1.0220452599582606,1.0000035516660866,1.0061413108576707,1.257060918632491
sticky,sticky,15,5000,4223356,135338664262,1147556664,136486220926,14872074379,0.1098878466112934,0.1458257366890217,13.262437502308591,14.47330759719094,3.285277504319317,3.6011163012078957,0.0847957183100094,0.0715920128498665,49566082966,49566082966,1.0,1.0,50.08665919303894,minimax_m25,5000,total_tokens,189410.75918763448,3734134.0,128610504363.0,1347.330759719094
cache_first,cache_first,15,25000,4223356,135338664262,1147556664,136486220926,75982648216,0.5614260243392559,0.619338270323411,1.0147108129174998,1.0193416694548016,0.0096449681576302,0.0107811514258838,0.9999069832421604,0.9998837802825252,49566082966,57285731888,1.155744582990254,0.865243077681319,93.17976212501526,minimax_m25,25000,total_tokens,1.0397071165581064,1.029872428473071,1.029558785031275,1.9341669454801647
load_first,load_first,15,25000,4223356,135338664262,1147556664,136486220926,7832002377,0.0578696591968585,0.1125640367518153,1.0136488612373666,1.0175059677216098,0.0095197238110803,0.0100194955739182,0.9999093830707328,0.9998996197856432,49566082966,119006403401,2.400964455525622,0.416499293731143,66.60592865943909,minimax_m25,25000,total_tokens,1.0360388540809593,1.0368302314513755,1.0304567138920429,1.7505967721609839
round_robin,round_robin,15,25000,4223356,135338664262,1147556664,136486220926,6424389141,0.0474689858661758,0.0819201601759359,1.000003314899336,1.0127012292814637,8.859441133482333e-07,0.0053830474511429,0.9999999999992152,0.9999710236397924,49566082966,126495274885,2.5520530837946143,0.3918413791429107,49.05554127693176,minimax_m25,25000,total_tokens,1.02216142805317,1.0000035516660866,1.0061413108576707,1.2701229281463666
sticky,sticky,15,25000,4223356,135338664262,1147556664,136486220926,15809006790,0.116810719805802,0.1736962264133073,13.262437502308591,14.482048740665162,3.285277504319317,3.6034422321294346,0.0847957183100094,0.0715062275988493,49566082966,49566082966,1.0,1.0,49.60259366035461,minimax_m25,25000,total_tokens,188118.85425188224,3734134.0,128610504363.0,1348.2048740665161
cache_first,cache_first,15,50000,4223356,135338664262,1147556664,136486220926,78406108026,0.5793326574748429,0.6601127160485643,1.0179073229914788,1.0279659703066808,0.0118421629082117,0.0152623441991408,0.9998597828412642,0.9997671150975584,49566082966,55887843853,1.1275420712856496,0.8868848670628997,93.47996473312378,minimax_m25,50000,total_tokens,1.0508255360541483,1.036318141714517,1.035443822725809,2.79659703066808
load_first,load_first,15,50000,4223356,135338664262,1147556664,136486220926,10371017140,0.0766301130320224,0.1506306832765222,1.0136488612373666,1.017050313138669,0.0095197238110803,0.0097314202115487,0.9999093830707328,0.9999053084280092,49566082966,119006403401,2.400964455525622,0.416499293731143,66.54471492767334,minimax_m25,50000,total_tokens,1.0343476929683184,1.0368302314513755,1.0304567138920429,1.7050313138669004
round_robin,round_robin,15,50000,4223356,135338664262,1147556664,136486220926,6962821911,0.0514473964182237,0.0901380324083501,1.000003314899336,1.0125752846644014,8.859441133482333e-07,0.0053241598979335,0.9999999999992152,0.9999716541248924,49566082966,126495274885,2.5520530837946143,0.3918413791429107,49.03782272338867,minimax_m25,50000,total_tokens,1.0217367194607487,1.0000035516660866,1.0061413108576707,1.2575284664401387
sticky,sticky,15,50000,4223356,135338664262,1147556664,136486220926,20670662790,0.1527328712952566,0.2460595318036177,13.262437502308591,14.536484764127463,3.285277504319317,3.617943077372263,0.0847957183100094,0.0709747784106564,49566082966,49566082966,1.0,1.0,49.83714747428894,minimax_m25,50000,total_tokens,181491.19447677664,3734134.0,128610504363.0,1353.6484764127463
cache_first,cache_first,15,100000,4223356,135338664262,1147556664,136486220926,80533630524,0.5950526478382867,0.6942924063233126,1.0207380102458803,1.027325620021215,0.0108349653989731,0.0147021478907562,0.9998826173051176,0.9997838935594868,49566082966,54576546914,1.1010865424132252,0.9081938262621244,91.9355115890503,minimax_m25,100000,total_tokens,1.0507026997656022,1.0409691183182053,1.041490348995797,2.732562002121508
load_first,load_first,15,100000,4223356,135338664262,1147556664,136486220926,13725659912,0.1014171374222277,0.186878397179873,1.0136488612373666,1.0166446892388543,0.0095197238110803,0.0092012227093766,0.9999093830707328,0.9999153446677844,49566082966,119006403401,2.400964455525622,0.416499293731143,66.49238657951355,minimax_m25,100000,total_tokens,1.031899023690229,1.0368302314513755,1.0304567138920429,1.6644689238854316
round_robin,round_robin,15,100000,4223356,135338664262,1147556664,136486220926,7428591100,0.0548889051071104,0.0956705994000979,1.000003314899336,1.0128178272504949,8.859441133482333e-07,0.005412805145996,0.9999999999992152,0.999970702398826,49566082966,126495274885,2.5520530837946143,0.3918413791429107,48.81468105316162,minimax_m25,100000,total_tokens,1.0221800018900649,1.0000035516660866,1.0061413108576707,1.281782725049485
sticky,sticky,15,100000,4223356,135338664262,1147556664,136486220926,33953574902,0.250878602113804,0.3773442257768467,13.262437502308591,14.583100060187723,3.285277504319317,3.630374267246357,0.0847957183100094,0.0705237650221673,49566082966,49566082966,1.0,1.0,50.617107629776,minimax_m25,100000,total_tokens,161676.67033875154,3734134.0,128610504363.0,1358.3100060187724
cache_first,cache_first,15,250000,4223356,135338664262,1147556664,136486220926,85187906032,0.6294424915195415,0.7331337921785424,1.0198465391030265,1.047088959669147,0.011925323749719,0.0200065765545718,0.9998578068752244,0.9995998970410188,49566082966,50922814768,1.0273721811532022,0.9733570933150268,92.37928581237792,minimax_m25,250000,total_tokens,1.083562522263851,1.0424349353982654,1.0447960115271613,4.708895966914706
load_first,load_first,15,250000,4223356,135338664262,1147556664,136486220926,15414918913,0.1138988551206512,0.2033974876851489,1.0136488612373666,1.0167009764118058,0.0095197238110803,0.0091047193662373,0.9999093830707328,0.9999171109564252,49566082966,119006403401,2.400964455525622,0.416499293731143,66.83688807487488,minimax_m25,250000,total_tokens,1.031977400768134,1.0368302314513755,1.0304567138920429,1.670097641180579
round_robin,round_robin,15,250000,4223356,135338664262,1147556664,136486220926,7907617928,0.0584283727870386,0.1011245559218782,1.000003314899336,1.0127677664911077,8.859441133482333e-07,0.0054800285973601,0.9999999999992152,0.9999699701883884,49566082966,126495274885,2.5520530837946143,0.3918413791429107,48.6054904460907,minimax_m25,250000,total_tokens,1.0223718090233302,1.0000035516660866,1.0061413108576707,1.2767766491107668
sticky,sticky,15,250000,4223356,135338664262,1147556664,136486220926,73468915017,0.542852372731954,0.6650526263947439,13.262437502308591,14.554808389828564,3.285277504319317,3.622818791686628,0.0847957183100094,0.0707973824355822,49566082966,49566082966,1.0,1.0,50.82741332054138,minimax_m25,250000,total_tokens,99145.31368323085,3734134.0,128610504363.0,1355.4808389828563
cache_first,cache_first,15,500000,4223356,135338664262,1147556664,136486220926,86067236636,0.6359397523636245,0.7379614695043468,1.014238439762123,1.0180199279440416,0.0114600813785087,0.0147759515376283,0.999868683781012,0.999781718913193,49566082966,50268131588,1.01416389151593,0.9860339224908132,93.41355800628662,minimax_m25,500000,total_tokens,1.0538644546304505,1.0410830556547988,1.0493890249818583,1.8019927944041614
load_first,load_first,15,500000,4223356,135338664262,1147556664,136486220926,15783047105,0.1166189070290057,0.2068854721221701,1.0136488612373666,1.0172261546795338,0.0095197238110803,0.0092448500263372,0.9999093830707328,0.9999145400520172,49566082966,119006403401,2.400964455525622,0.416499293731143,67.57026243209839,minimax_m25,500000,total_tokens,1.0331437471754517,1.0368302314513755,1.0304567138920429,1.7226154679533812
round_robin,round_robin,15,500000,4223356,135338664262,1147556664,136486220926,8227413110,0.060791298295014,0.1041839712304622,1.000003314899336,1.011901616214396,8.859441133482333e-07,0.0053184538020481,0.9999999999992152,0.999971714849228,49566082966,126495274885,2.5520530837946143,0.3918413791429107,50.02788209915161,minimax_m25,500000,total_tokens,1.0213830969664566,1.0000035516660866,1.0061413108576707,1.1901616214395894
sticky,sticky,15,500000,4223356,135338664262,1147556664,136486220926,86589490051,0.6397986157405304,0.7423319275003102,13.262437502308591,14.540847813717866,3.285277504319317,3.619089853274261,0.0847957183100094,0.0709329961958892,49566082966,49566082966,1.0,1.0,51.28803610801697,minimax_m25,500000,total_tokens,77973.39627818596,3734134.0,128610504363.0,1354.0847813717867
cache_first,cache_first,15,1000000,4223356,135338664262,1147556664,136486220926,86371327328,0.6381866394129256,0.7396873481657715,1.0282675673090311,1.01573126424202,0.0128087335626158,0.0108240801168379,0.9998359632569896,0.9998828530146482,49566082966,50031316672,1.0093861301551532,0.9907011500606706,92.68117094039916,minimax_m25,1000000,total_tokens,1.0371607698627678,1.059884536112667,1.0604972442100136,1.5731264242019982
load_first,load_first,15,1000000,4223356,135338664262,1147556664,136486220926,16176455438,0.119525750650858,0.2106867145464412,1.0136488612373666,1.0176218872120484,0.0095197238110803,0.0094185609520928,0.9999093830707328,0.9999112985782318,49566082966,119006403401,2.400964455525622,0.416499293731143,67.66948652267456,minimax_m25,1000000,total_tokens,1.0341404300822914,1.0368302314513755,1.0304567138920429,1.7621887212048382
round_robin,round_robin,15,1000000,4223356,135338664262,1147556664,136486220926,8621672304,0.0637044288194646,0.1079281500304497,1.000003314899336,1.0118486874363288,8.859441133482333e-07,0.005322856751679,0.9999999999992152,0.999971667998726,49566082966,126495274885,2.5520530837946143,0.3918413791429107,50.17826724052429,minimax_m25,1000000,total_tokens,1.0208885015980478,1.0000035516660866,1.0061413108576707,1.184868743632883
sticky,sticky,15,1000000,4223356,135338664262,1147556664,136486220926,86816650950,0.641477078434386,0.7434781723349867,13.262437502308591,14.580445886601902,3.285277504319317,3.629647432597568,0.0847957183100094,0.0705500196683523,49566082966,49566082966,1.0,1.0,50.845864057540894,minimax_m25,1000000,total_tokens,77862.32998324854,3734134.0,128610504363.0,1358.0445886601901
cache_first,cache_first,15,5000000,4223356,135338664262,1147556664,136486220926,86681810300,0.640480758197776,0.7421806260234751,1.0228619136061463,1.0319354057299217,0.0119658919832602,0.014531124563929,0.9998568379273586,0.99978889099533,49566082966,49771994026,1.0041542733998416,0.9958629131898468,91.5138862133026,minimax_m25,5000000,total_tokens,1.0617963703752122,1.0506011877836308,1.0491529818287744,3.1935405729921706
load_first,load_first,15,5000000,4223356,135338664262,1147556664,136486220926,16984433525,0.1254957969152119,0.2174742077153808,1.0136488612373666,1.017925998849476,0.0095197238110803,0.0092108870540823,0.9999093830707328,0.9999151667569668,49566082966,119006403401,2.400964455525622,0.416499293731143,66.76734685897827,minimax_m25,5000000,total_tokens,1.0344175311493553,1.0368302314513755,1.0304567138920429,1.7925998849475988
round_robin,round_robin,15,5000000,4223356,135338664262,1147556664,136486220926,9450667020,0.0698297642549848,0.1148963052132001,1.000003314899336,1.012096067115339,8.859441133482333e-07,0.0052997345794224,0.9999999999992152,0.9999719136022556,49566082966,126495274885,2.5520530837946143,0.3918413791429107,49.56283617019653,minimax_m25,5000000,total_tokens,1.0208457067781822,1.0000035516660866,1.0061413108576707,1.2096067115338949
sticky,sticky,15,5000000,4223356,135338664262,1147556664,136486220926,86899786921,0.6420913594416158,0.7440916654906666,13.262437502308591,14.602163831676572,3.285277504319317,3.635438879664584,0.0847957183100094,0.070341217554942,49566082966,49566082966,1.0,1.0,50.79760408401489,minimax_m25,5000000,total_tokens,77862.32998324854,3734134.0,128610504363.0,1360.216383167657
cache_first,cache_first,20,1125,4223356,135338664262,1147556664,136486220926,77839006710,0.5751424187201426,0.6126061833290871,1.026131825022565,1.0391581040888442,0.0130606408493492,0.017726960782596,0.9998294487532938,0.9996858535803972,49566082966,56133277451,1.1324937152993264,0.8830071076691959,114.4663064479828,minimax_m25,1125,total_tokens,1.076363740607024,1.0565459066751182,1.0541876637308032,3.9158104088844237
load_first,load_first,20,1125,4223356,135338664262,1147556664,136486220926,6219509938,0.0459551597609959,0.0827777719898583,1.020037145814845,1.0224805455894788,0.0108608514753616,0.0135425333301347,0.9998820558177012,0.999816633420471,49566082966,122359324313,2.4686099241881334,0.4050862755600709,77.1461112499237,minimax_m25,1125,total_tokens,1.055844252972721,1.0459458672027504,1.0537036407634144,2.248054558947876
round_robin,round_robin,20,1125,4223356,135338664262,1147556664,136486220926,4052945756,0.0299466954111056,0.0545246481707911,1.000000947114096,1.0190597828363843,1.8942281919876043e-06,0.0063560562235228,0.999999999996412,0.999959602181333,49566082966,130011475845,2.622992741512008,0.3812439066924585,55.78512644767761,minimax_m25,1125,total_tokens,1.0326431123187754,1.000004735565995,1.0079524567398865,1.905978283638432
sticky,sticky,20,1125,4223356,135338664262,1147556664,136486220926,14842548349,0.1096696825695467,0.1403518907712255,17.683250003078122,19.2972409605772,3.837194857424985,4.197986026557564,0.063596788732507,0.0536967913658677,49566082966,49566082966,1.0,1.0,59.7186074256897,minimax_m25,1125,total_tokens,189452.464396765,3734134.0,128610504363.0,1829.7240960577199
cache_first,cache_first,20,5000,4223356,135338664262,1147556664,136486220926,77904180236,0.5756239775293372,0.622866033552464,1.0343717176577112,1.0262489558091683,0.0133526999564459,0.0163440453363093,0.9998217371871694,0.9997329435202592,49566082966,56089755793,1.1316156620944795,0.8836922583318831,113.42936182022096,minimax_m25,5000,total_tokens,1.0669872054857141,1.0676954511237768,1.0576339197801334,2.6248955809168306
load_first,load_first,20,5000,4223356,135338664262,1147556664,136486220926,6244104010,0.0461368821988085,0.0869661473008669,1.020037145814845,1.0224819955561812,0.0108608514753616,0.0135567689873472,0.9998820558177012,0.9998162477857054,49566082966,122359324313,2.4686099241881334,0.4050862755600709,77.62665390968323,minimax_m25,5000,total_tokens,1.0558506123290523,1.0459458672027504,1.0537036407634144,2.2481995556181245
round_robin,round_robin,20,5000,4223356,135338664262,1147556664,136486220926,4055993280,0.0299692131743525,0.05501193837318,1.000000947114096,1.0190608939245458,1.8942281919876043e-06,0.0063561082427088,0.999999999996412,0.9999596015201102,49566082966,130011475845,2.622992741512008,0.3812439066924585,55.70755982398987,minimax_m25,5000,total_tokens,1.0326403024798945,1.000004735565995,1.0079524567398865,1.9060893924545796
sticky,sticky,20,5000,4223356,135338664262,1147556664,136486220926,14872074379,0.1098878466112934,0.1458257366890217,17.683250003078122,19.297743462921257,3.837194857424985,4.198100938094944,0.063596788732507,0.0536940096373999,49566082966,49566082966,1.0,1.0,58.15540289878845,minimax_m25,5000,total_tokens,189410.75918763448,3734134.0,128610504363.0,1829.7743462921258
cache_first,cache_first,20,25000,4223356,135338664262,1147556664,136486220926,79008629754,0.583784613102494,0.6510907439486513,1.0286274706655087,1.0277986873395448,0.0108369052501184,0.0103001498902783,0.9998825752747852,0.9998939181667872,49566082966,55448148778,1.1186711852141882,0.8939177241867845,111.37066292762756,minimax_m25,25000,total_tokens,1.0458420468131964,1.051084647507706,1.049350951987428,2.7798687339544825
load_first,load_first,20,25000,4223356,135338664262,1147556664,136486220926,6926400318,0.0511782819475097,0.1053633650584985,1.020037145814845,1.0224218895978998,0.0108608514753616,0.0135095733878689,0.9998820558177012,0.999817524730179,49566082966,122359324313,2.4686099241881334,0.4050862755600709,76.84433221817017,minimax_m25,25000,total_tokens,1.0560238995865894,1.0459458672027504,1.0537036407634144,2.2421889597899813
round_robin,round_robin,20,25000,4223356,135338664262,1147556664,136486220926,4143564111,0.0306162627922685,0.0573726202574445,1.000000947114096,1.0190605712434002,1.8942281919876043e-06,0.006359427775624,0.999999999996412,0.9999595593138816,49566082966,130011475845,2.622992741512008,0.3812439066924585,53.94934153556824,minimax_m25,25000,total_tokens,1.032799117864114,1.000004735565995,1.0079524567398865,1.9060571243400215
sticky,sticky,20,25000,4223356,135338664262,1147556664,136486220926,15809006790,0.116810719805802,0.1736962264133073,17.683250003078122,19.30939832088688,3.837194857424985,4.200761188212433,0.063596788732507,0.053629670699137,49566082966,49566082966,1.0,1.0,55.7955470085144,minimax_m25,25000,total_tokens,188118.85425188224,3734134.0,128610504363.0,1830.939832088688
cache_first,cache_first,20,50000,4223356,135338664262,1147556664,136486220926,80515909265,0.5949217077326144,0.6804323386425393,1.0168548424523058,1.029252752795973,0.0113272908279492,0.0136925676509105,0.999871708943206,0.9998125487356896,49566082966,54580928163,1.101174934489779,0.9081209249131178,113.3791162967682,minimax_m25,50000,total_tokens,1.0585072675331322,1.0419440616447662,1.0415291505080855,2.9252752795972947
load_first,load_first,20,50000,4223356,135338664262,1147556664,136486220926,9078459552,0.0670795711004296,0.1377958666046622,1.020037145814845,1.0231280515825143,0.0108608514753616,0.0135744724350814,0.9998820558177012,0.9998157676459238,49566082966,122359324313,2.4686099241881334,0.4050862755600709,78.0359399318695,minimax_m25,50000,total_tokens,1.057062885998584,1.0459458672027504,1.0537036407634144,2.3128051582514297
round_robin,round_robin,20,50000,4223356,135338664262,1147556664,136486220926,4319467519,0.0319159904714148,0.0601424554311784,1.000000947114096,1.01914405893168,1.8942281919876043e-06,0.0063444287821889,0.999999999996412,0.9999597498435682,49566082966,130011475845,2.622992741512008,0.3812439066924585,55.41757774353027,minimax_m25,50000,total_tokens,1.0327204994878931,1.000004735565995,1.0079524567398865,1.914405893168003
sticky,sticky,20,50000,4223356,135338664262,1147556664,136486220926,20670662790,0.1527328712952566,0.2460595318036177,17.683250003078122,19.38197968550329,3.837194857424985,4.217347050948164,0.063596788732507,0.0532310838079923,49566082966,49566082966,1.0,1.0,57.83618688583374,minimax_m25,50000,total_tokens,181491.19447677664,3734134.0,128610504363.0,1838.1979685503288
cache_first,cache_first,20,100000,4223356,135338664262,1147556664,136486220926,81908847348,0.6052139482434521,0.7059044986972446,1.021263658569157,1.0221106487982228,0.0153478350049733,0.0158890475346405,0.9997644994342406,0.9997476018893312,49566082966,53690278704,1.0832060048164187,0.923185428767522,110.10290932655334,minimax_m25,100000,total_tokens,1.0487628023566744,1.0557546384686933,1.0481783018550959,2.2110648798222776
load_first,load_first,20,100000,4223356,135338664262,1147556664,136486220926,11475297580,0.0847894993095628,0.1638964368620594,1.020037145814845,1.0225384430442883,0.0108608514753616,0.0134529748151169,0.9998820558177012,0.9998190502173736,49566082966,122359324313,2.4686099241881334,0.4050862755600709,75.7800521850586,minimax_m25,100000,total_tokens,1.0577435100993353,1.0459458672027504,1.0537036407634144,2.2538443044288314
round_robin,round_robin,20,100000,4223356,135338664262,1147556664,136486220926,4486242182,0.0331482670267467,0.0621782771805171,1.000000947114096,1.0191621406580194,1.8942281919876043e-06,0.0064254561833536,0.999999999996412,0.9999587152173396,49566082966,130011475845,2.622992741512008,0.3812439066924585,53.62623286247253,minimax_m25,100000,total_tokens,1.0330699254109068,1.000004735565995,1.0079524567398865,1.9162140658019355
sticky,sticky,20,100000,4223356,135338664262,1147556664,136486220926,33953574902,0.250878602113804,0.3773442257768467,17.683250003078122,19.444133413583632,3.837194857424985,4.231566663429282,0.063596788732507,0.0528928237666255,49566082966,49566082966,1.0,1.0,55.92097067832947,minimax_m25,100000,total_tokens,161676.67033875154,3734134.0,128610504363.0,1844.4133413583631
cache_first,cache_first,20,250000,4223356,135338664262,1147556664,136486220926,85516811986,0.6318727353511436,0.735171034599025,1.025672474686008,1.0418553279781797,0.0161917251377512,0.0210786645369412,0.9997378967531864,0.99955588722513,49566082966,50740974082,1.0237035296254078,0.976845318063833,110.31064200401306,minimax_m25,250000,total_tokens,1.0952681959616466,1.0641047056627133,1.0654578935794303,4.18553279781797
load_first,load_first,20,250000,4223356,135338664262,1147556664,136486220926,12432078865,0.0918590332835924,0.1731592127208788,1.020037145814845,1.022696261988553,0.0108608514753616,0.0134701087385994,0.9998820558177012,0.999818589086461,49566082966,122359324313,2.4686099241881334,0.4050862755600709,76.53279876708984,minimax_m25,250000,total_tokens,1.0573389182269752,1.0459458672027504,1.0537036407634144,2.26962619885529
round_robin,round_robin,20,250000,4223356,135338664262,1147556664,136486220926,4775169723,0.0352831155016856,0.0652312994689531,1.000000947114096,1.0190561356489267,1.8942281919876043e-06,0.0064228650938094,0.999999999996412,0.9999587485057428,49566082966,130011475845,2.622992741512008,0.3812439066924585,55.11104583740234,minimax_m25,250000,total_tokens,1.0333687382679317,1.000004735565995,1.0079524567398865,1.905613564892672
sticky,sticky,20,250000,4223356,135338664262,1147556664,136486220926,73468915017,0.542852372731954,0.6650526263947439,17.683250003078122,19.40641118643809,3.837194857424985,4.2229241049929325,0.063596788732507,0.0530980368266867,49566082966,49566082966,1.0,1.0,57.09263634681702,minimax_m25,250000,total_tokens,99145.31368323085,3734134.0,128610504363.0,1840.6411186438088
cache_first,cache_first,20,500000,4223356,135338664262,1147556664,136486220926,86198252649,0.6369078128488852,0.7387331307140578,1.0205438518562016,1.0334862937437164,0.0129605071687467,0.0182028227880482,0.9998320534647056,0.9996687669942044,49566082966,50192110480,1.0126301591035431,0.9875273721703842,111.16914820671082,minimax_m25,500000,total_tokens,1.0620075985164412,1.0593251998151771,1.060683251300185,3.3486293743716367
load_first,load_first,20,500000,4223356,135338664262,1147556664,136486220926,12738630396,0.094124103156061,0.1761040272238475,1.020037145814845,1.0232531877555775,0.0108608514753616,0.0136323034853509,0.9998820558177012,0.9998141948316596,49566082966,122359324313,2.4686099241881334,0.4050862755600709,78.00067520141602,minimax_m25,500000,total_tokens,1.0580711207488864,1.0459458672027504,1.0537036407634144,2.32531877555775
round_robin,round_robin,20,500000,4223356,135338664262,1147556664,136486220926,5057396787,0.0373684550130439,0.0679270229646754,1.000000947114096,1.0187031072674309,1.8942281919876043e-06,0.006369390238401,0.999999999996412,0.9999594325137784,49566082966,130011475845,2.622992741512008,0.3812439066924585,55.75975918769837,minimax_m25,500000,total_tokens,1.0327074918454502,1.000004735565995,1.0079524567398865,1.8703107267430852
sticky,sticky,20,500000,4223356,135338664262,1147556664,136486220926,86589490051,0.6397986157405304,0.7423319275003102,17.683250003078122,19.387797084957157,3.837194857424985,4.218658770442364,0.063596788732507,0.0531997471469169,49566082966,49566082966,1.0,1.0,58.002620220184326,minimax_m25,500000,total_tokens,77973.39627818596,3734134.0,128610504363.0,1838.7797084957156
cache_first,cache_first,20,1000000,4223356,135338664262,1147556664,136486220926,86446096606,0.6387391000006499,0.7401509605157605,1.024308630387777,1.0376014823979995,0.0114374054295694,0.0193197171606592,0.9998692028671676,0.9996268877935122,49566082966,49985722706,1.0084662679576244,0.991604807987509,109.67643451690674,minimax_m25,1000000,total_tokens,1.0838318092315775,1.0534410628795738,1.07642541566338,3.760148239799954
load_first,load_first,20,1000000,4223356,135338664262,1147556664,136486220926,13075528174,0.0966133975482962,0.179399273942334,1.020037145814845,1.023901029220006,0.0108608514753616,0.0136289329687865,0.9998820558177012,0.9998142866819753,49566082966,122359324313,2.4686099241881334,0.4050862755600709,76.11725234985352,minimax_m25,1000000,total_tokens,1.0583599508880763,1.0459458672027504,1.0537036407634144,2.390102922000592
round_robin,round_robin,20,1000000,4223356,135338664262,1147556664,136486220926,5384494568,0.0397853384866887,0.0710726256559949,1.000000947114096,1.018211238402985,1.8942281919876043e-06,0.0064175717919283,0.999999999996412,0.9999588164684488,49566082966,130011475845,2.622992741512008,0.3812439066924585,54.33510422706604,minimax_m25,1000000,total_tokens,1.0325239888530209,1.000004735565995,1.0079524567398865,1.8211238402985108
sticky,sticky,20,1000000,4223356,135338664262,1147556664,136486220926,86816650950,0.641477078434386,0.7434781723349867,17.683250003078122,19.440594515469204,3.837194857424985,4.230735237120867,0.063596788732507,0.0529125147512642,49566082966,49566082966,1.0,1.0,56.20429158210754,minimax_m25,1000000,total_tokens,77862.32998324854,3734134.0,128610504363.0,1844.0594515469204
cache_first,cache_first,20,5000000,4223356,135338664262,1147556664,136486220926,86714061461,0.6407190578823182,0.7425455017289568,1.0224238733367492,1.0428072919342672,0.0168952078045652,0.0196934680537565,0.999714633410576,0.9996123176718936,49566082966,49752022619,1.003751348540645,0.9962626714812396,109.84387922286987,minimax_m25,5000000,total_tokens,1.0787347449136897,1.0635141126052903,1.0582370221984805,4.280729193426724
load_first,load_first,20,5000000,4223356,135338664262,1147556664,136486220926,13743178317,0.1015465786657595,0.184901296504486,1.020037145814845,1.024408867122753,0.0108608514753616,0.0136081354150874,0.9998820558177012,0.9998148529363076,49566082966,122359324313,2.4686099241881334,0.4050862755600709,75.92402076721191,minimax_m25,5000000,total_tokens,1.058648263497503,1.0459458672027504,1.0537036407634144,2.440886712275292
round_robin,round_robin,20,5000000,4223356,135338664262,1147556664,136486220926,6062675590,0.0447963309159262,0.0766250820437585,1.000000947114096,1.0182934979725151,1.8942281919876043e-06,0.0064771156631208,0.999999999996412,0.9999580487326692,49566082966,130011475845,2.622992741512008,0.3812439066924585,54.194615602493286,minimax_m25,5000000,total_tokens,1.0334653618637322,1.000004735565995,1.0079524567398865,1.8293497972515116
sticky,sticky,20,5000000,4223356,135338664262,1147556664,136486220926,86899786921,0.6420913594416158,0.7440916654906666,17.683250003078122,19.469551775568764,3.837194857424985,4.237360160568036,0.063596788732507,0.0527559131662065,49566082966,49566082966,1.0,1.0,57.22755146026611,minimax_m25,5000000,total_tokens,77862.32998324854,3734134.0,128610504363.0,1846.9551775568764
cache_first,cache_first,5,1125,7197399,85293000901,3391979594,88684980495,2364572098,0.0277229323979885,0.0805942535629885,1.0016382306997291,1.0067382537665144,0.0014105456768411,0.0043991846425755,0.9999980103648524,0.999980647549005,41915342929,66465021196,1.5856967055854574,0.6306376222373424,111.71784329414368,deepseek_v32,1125,total_tokens,1.0120931946071372,1.0041130052725302,1.0072618072479749,0.6738253766514379
load_first,load_first,5,1125,7197399,85293000901,3391979594,88684980495,491530866,0.0057628511226908,0.0235385032843114,1.0034381864893136,1.0025096221018537,0.0026405858026358,0.0024624329515254,0.999993027355237,0.9999939364607258,41915342929,67794274921,1.6174095255724397,0.618272604550215,89.43217158317566,deepseek_v32,1125,total_tokens,1.0062806110536948,1.0081169737576772,1.0073646568621002,0.25096221018536813
round_robin,round_robin,5,1125,7197399,85293000901,3391979594,88684980495,483095436,0.0056639516829842,0.0224085117415332,1.000000138939081,1.0041271901131386,2.778781612635343e-07,0.0026744525461621,0.9999999999999228,0.9999928473547388,41915342929,68224867660,1.6276824401882015,0.6143704541558945,73.19451522827148,deepseek_v32,1125,total_tokens,1.0084260757656454,1.0000006946953066,1.0026128430553507,0.4127190113138557
sticky,sticky,5,1125,7197399,85293000901,3391979594,88684980495,1329501896,0.0155874676931951,0.0621392533608321,1.898814418931061,1.3084564956628593,0.5780031033767529,0.2348558051215898,0.7495759718925783,0.9477260387101872,41915342929,41915342929,1.0,1.0,72.95473265647888,deepseek_v32,1125,total_tokens,1.7983281032444203,4.325665750354893,1.868463902801952,30.84564956628593
cache_first,cache_first,5,5000,7197399,85293000901,3391979594,88684980495,2521422722,0.0295618948256566,0.0969755879867157,1.0048595332841768,1.0060028684547986,0.0030741557934659,0.0050946133865073,0.9999905496554674,0.9999740455880908,41915342929,66377944036,1.5836192524641148,0.6314649171156501,109.33084964752196,deepseek_v32,5000,total_tokens,1.013272332311122,1.0086523093744508,1.005359134114213,0.6002868454798582
load_first,load_first,5,5000,7197399,85293000901,3391979594,88684980495,555401503,0.006511689085071,0.0305407550699912,1.0034381864893136,1.002498944759592,0.0026405858026358,0.002455864000468,0.999993027355237,0.9999939687683872,41915342929,67794274921,1.6174095255724397,0.618272604550215,87.08170008659363,deepseek_v32,5000,total_tokens,1.0062463344424046,1.0081169737576772,1.0073646568621002,0.24989447595920034
round_robin,round_robin,5,5000,7197399,85293000901,3391979594,88684980495,543782389,0.0063754632063089,0.0289767178393194,1.000000138939081,1.0041531823455028,2.778781612635343e-07,0.0026800226586756,0.9999999999999228,0.9999928175301368,41915342929,68224867660,1.6276824401882015,0.6143704541558945,71.32450461387634,deepseek_v32,5000,total_tokens,1.0084526292819203,1.0000006946953066,1.0026128430553507,0.41531823455027705
sticky,sticky,5,5000,7197399,85293000901,3391979594,88684980495,1522331931,0.0178482632211167,0.0842886437169872,1.898814418931061,1.3036360707066474,0.5780031033767529,0.2327004690916454,0.7495759718925783,0.9486320413866128,41915342929,41915342929,1.0,1.0,71.57340717315674,deepseek_v32,5000,total_tokens,1.7878314449376131,4.325665750354893,1.868463902801952,30.363607070664745
cache_first,cache_first,5,25000,7197399,85293000901,3391979594,88684980495,4303661816,0.0504573853720457,0.1766932748899984,1.0055153257447589,1.0073899076004411,0.0031761038778725,0.0056535703676661,0.9999899124659164,0.9999680381636896,41915342929,65435992182,1.5611465303490757,0.6405548618017285,107.23593950271606,deepseek_v32,25000,total_tokens,1.0126329291405056,1.0099549734047935,1.006911350356239,0.7389907600441115
load_first,load_first,5,25000,7197399,85293000901,3391979594,88684980495,1193787386,0.0139963112258839,0.0620210162032145,1.0034381864893136,1.0024870811617703,0.0026405858026358,0.0025067267087988,0.999993027355237,0.9999937163606916,41915342929,67794274921,1.6174095255724397,0.618272604550215,86.363121509552,deepseek_v32,25000,total_tokens,1.0063102361699359,1.0081169737576772,1.0073646568621002,0.24870811617703215
round_robin,round_robin,5,25000,7197399,85293000901,3391979594,88684980495,1143704991,0.0134091306310995,0.0580441628982914,1.000000138939081,1.0043390704460502,2.778781612635343e-07,0.0027354939387936,0.9999999999999228,0.9999925171289044,41915342929,68224867660,1.6276824401882015,0.6143704541558945,70.89014410972595,deepseek_v32,25000,total_tokens,1.0086216556074445,1.0000006946953066,1.0026128430553507,0.4339070446050197
sticky,sticky,5,25000,7197399,85293000901,3391979594,88684980495,3831633713,0.0449231903265708,0.1855349411641622,1.898814418931061,1.270743350687494,0.5780031033767529,0.2076622032587022,0.7495759718925783,0.9586591741877106,41915342929,41915342929,1.0,1.0,70.73721599578857,deepseek_v32,25000,total_tokens,1.6975759654168638,4.325665750354893,1.868463902801952,27.074335068749413
cache_first,cache_first,5,50000,7197399,85293000901,3391979594,88684980495,6322883457,0.0741313283646685,0.2494335801030344,1.001472198498374,1.001586581766653,0.0012911958236591,0.001301634763468,0.9999983328161244,0.9999983057498132,41915342929,64172184529,1.530995097372832,0.653169955747074,106.57351398468018,deepseek_v32,50000,total_tokens,1.0039180217305852,1.0037718034540166,1.0031262373075356,0.15865817666529392
load_first,load_first,5,50000,7197399,85293000901,3391979594,88684980495,1871425447,0.02194113734106,0.0909809224137775,1.0034381864893136,1.002654865154069,0.0026405858026358,0.0024987024630639,0.999993027355237,0.9999937565249823,41915342929,67794274921,1.6174095255724397,0.618272604550215,86.92818689346313,deepseek_v32,50000,total_tokens,1.00649751105374,1.0081169737576772,1.0073646568621002,0.2654865154068986
round_robin,round_robin,5,50000,7197399,85293000901,3391979594,88684980495,1745109605,0.0204601735964895,0.0834154115952165,1.000000138939081,1.0044293408706242,2.778781612635343e-07,0.0028297823456541,0.9999999999999228,0.9999919923959986,41915342929,68224867660,1.6276824401882015,0.6143704541558945,71.20387029647827,deepseek_v32,50000,total_tokens,1.0088985140214257,1.0000006946953066,1.0026128430553507,0.44293408706241877
sticky,sticky,5,50000,7197399,85293000901,3391979594,88684980495,5974986738,0.0700524858415428,0.2549869751558862,1.898814418931061,1.2391326599001118,0.5780031033767529,0.1842257187458844,0.7495759718925783,0.9671749381173662,41915342929,41915342929,1.0,1.0,71.00115990638733,deepseek_v32,50000,total_tokens,1.6151670852456064,4.325665750354893,1.868463902801952,23.91326599001118
cache_first,cache_first,5,100000,7197399,85293000901,3391979594,88684980495,8667899300,0.1016249775296436,0.3183490313653585,1.0018772059184158,1.00418162994504,0.0019046164964855,0.0025224654484272,0.9999963724491604,0.9999936372085468,41915342929,62599288587,1.49346955583869,0.6695817776067277,106.20311522483826,deepseek_v32,100000,total_tokens,1.0076975999600635,1.005285793949533,1.005407826382104,0.41816299450398997
load_first,load_first,5,100000,7197399,85293000901,3391979594,88684980495,2728770177,0.0319928968165547,0.1246639237313368,1.0034381864893136,1.002717882035948,0.0026405858026358,0.0026365831046469,0.999993027355237,0.9999930484778564,41915342929,67794274921,1.6174095255724397,0.618272604550215,87.51012372970581,deepseek_v32,100000,total_tokens,1.0065558522988567,1.0081169737576772,1.0073646568621002,0.2717882035947916
round_robin,round_robin,5,100000,7197399,85293000901,3391979594,88684980495,2472274645,0.0289856684473979,0.1113592563091194,1.000000138939081,1.0043075014883185,2.778781612635343e-07,0.0027502501812142,0.9999999999999228,0.9999924361811524,41915342929,68224867660,1.6276824401882015,0.6143704541558945,70.25190854072571,deepseek_v32,100000,total_tokens,1.0085138524598412,1.0000006946953066,1.0026128430553507,0.4307501488318488
sticky,sticky,5,100000,7197399,85293000901,3391979594,88684980495,8388231042,0.0983460653675002,0.3186239918059287,1.898814418931061,1.2059304234185944,0.5780031033767529,0.1588807847628348,0.7495759718925783,0.975378421299194,41915342929,41915342929,1.0,1.0,71.10860657691956,deepseek_v32,100000,total_tokens,1.529879069262721,4.325665750354893,1.868463902801952,20.593042341859437
cache_first,cache_first,5,250000,7197399,85293000901,3391979594,88684980495,11336353567,0.1329107130391409,0.373165639420574,1.0019557064989728,1.0034418335025248,0.001468442233193,0.0030413234770087,0.9999978436820576,0.9999907504370632,41915342929,60913850911,1.453259037249949,0.6881085714026136,104.89012598991394,deepseek_v32,250000,total_tokens,1.007119948529321,1.0038999285163914,1.0026495890758607,0.3441833502524805
load_first,load_first,5,250000,7197399,85293000901,3391979594,88684980495,3760756692,0.0440922074762632,0.1585053156008163,1.0034381864893136,1.0026058372085709,0.0026405858026358,0.0024623450860359,0.999993027355237,0.9999939368934386,41915342929,67794274921,1.6174095255724397,0.618272604550215,86.92330408096313,deepseek_v32,250000,total_tokens,1.0062697851820992,1.0081169737576772,1.0073646568621002,0.26058372085708825
round_robin,round_robin,5,250000,7197399,85293000901,3391979594,88684980495,3392351188,0.0397729139808026,0.1403426432243092,1.000000138939081,1.0045151747343668,2.778781612635343e-07,0.0028464937452979,0.9999999999999228,0.9999918975390082,41915342929,68224867660,1.6276824401882015,0.6143704541558945,71.61328482627869,deepseek_v32,250000,total_tokens,1.0086563232519243,1.0000006946953066,1.0026128430553507,0.45151747343668003
sticky,sticky,5,250000,7197399,85293000901,3391979594,88684980495,11319236874,0.1327100319419912,0.3739518956778692,1.898814418931061,1.1760806344525112,0.5780031033767529,0.1365877737164721,0.7495759718925783,0.981685460154432,41915342929,41915342929,1.0,1.0,71.46745181083679,deepseek_v32,250000,total_tokens,1.4516222219845414,4.325665750354893,1.868463902801952,17.60806344525112
cache_first,cache_first,5,500000,7197399,85293000901,3391979594,88684980495,13541798227,0.1587679889785802,0.3944516623296832,1.0025170203847251,1.0046284255860225,0.0019370725678095,0.0027173962390113,0.9999962477639464,0.999992615812207,41915342929,59986999514,1.4311465759832005,0.6987404482402496,105.71749353408812,deepseek_v32,500000,total_tokens,1.00769822835235,1.0050716593003868,1.004332214988431,0.46284255860225
load_first,load_first,5,500000,7197399,85293000901,3391979594,88684980495,4446642017,0.0521337269181235,0.1703212507740643,1.0034381864893136,1.003069600365199,0.0026405858026358,0.0025993094804474,0.999993027355237,0.9999932436358736,41915342929,67794274921,1.6174095255724397,0.618272604550215,89.30190563201904,deepseek_v32,500000,total_tokens,1.0072670779871924,1.0081169737576772,1.0073646568621002,0.3069600365199099
round_robin,round_robin,5,500000,7197399,85293000901,3391979594,88684980495,4026786538,0.0472112189213967,0.1513427281160874,1.000000138939081,1.0044070952184556,2.778781612635343e-07,0.0026864471228604,0.9999999999999228,0.9999927830539408,41915342929,68224867660,1.6276824401882015,0.6143704541558945,71.07151246070862,deepseek_v32,500000,total_tokens,1.0083095158399906,1.0000006946953066,1.0026128430553507,0.44070952184556145
sticky,sticky,5,500000,7197399,85293000901,3391979594,88684980495,13688751226,0.1604909087662257,0.3969375603603468,1.898814418931061,1.1875342711195305,0.5780031033767529,0.1428261009246033,0.7495759718925783,0.980008517054866,41915342929,41915342929,1.0,1.0,74.24650835990906,deepseek_v32,500000,total_tokens,1.471807296209582,4.325665750354893,1.868463902801952,18.753427111953048
cache_first,cache_first,5,1000000,7197399,85293000901,3391979594,88684980495,16737779937,0.1962386099702087,0.4212263346800698,1.0023447359247415,1.0032709525102763,0.0012301572673039,0.0028744853120337,0.9999984867153876,0.999991737402462,41915342929,58717306102,1.4008547228507873,0.7138498972719782,103.22407412528992,deepseek_v32,1000000,total_tokens,1.0076292509399478,1.0034920557643958,1.0022187321824505,0.3270952510276315
load_first,load_first,5,1000000,7197399,85293000901,3391979594,88684980495,5383684903,0.0631198908014605,0.1791133157964425,1.0034381864893136,1.0031416030947669,0.0026405858026358,0.0025563879449732,0.999993027355237,0.9999934649233824,41915342929,67794274921,1.6174095255724397,0.618272604550215,86.86654949188232,deepseek_v32,1000000,total_tokens,1.0072475705640886,1.0081169737576772,1.0073646568621002,0.3141603094766854
round_robin,round_robin,5,1000000,7197399,85293000901,3391979594,88684980495,4910217115,0.0575688164694699,0.1598981798841498,1.000000138939081,1.004706981301554,2.778781612635343e-07,0.0027254830812919,0.9999999999999228,0.9999925717971524,41915342929,68224867660,1.6276824401882015,0.6143704541558945,70.48823523521423,deepseek_v32,1000000,total_tokens,1.0085057644679605,1.0000006946953066,1.0026128430553507,0.4706981301553892
sticky,sticky,5,1000000,7197399,85293000901,3391979594,88684980495,16965710472,0.1989109339896738,0.4243348187310444,1.898814418931061,1.2135968752032544,0.5780031033767529,0.1587416613473564,0.7495759718925783,0.9754204626268496,41915342929,41915342929,1.0,1.0,70.85315561294556,deepseek_v32,1000000,total_tokens,1.5329596247730948,4.325665750354893,1.868463902801952,21.359687520325444
cache_first,cache_first,5,5000000,7197399,85293000901,3391979594,88684980495,31040139233,0.3639236385764928,0.5409941841490238,1.0034166509318156,1.0051897396627831,0.0025586861070297,0.0041604530740513,0.9999934531682668,0.9999826909298276,41915342929,51869589850,1.2374845635370657,0.8080908881333675,103.98661041259766,deepseek_v32,5000000,total_tokens,1.0123423923633992,1.0079743358558297,1.0047277948990248,0.5189739662783133
load_first,load_first,5,5000000,7197399,85293000901,3391979594,88684980495,9560325138,0.1120880381392221,0.2136405109679205,1.0034381864893136,1.002498118494418,0.0026405858026358,0.0021873596923736,0.999993027355237,0.999995215480468,41915342929,67794274921,1.6174095255724397,0.618272604550215,87.98033261299133,deepseek_v32,5000000,total_tokens,1.0063213882350976,1.0081169737576772,1.0073646568621002,0.24981184944179446
round_robin,round_robin,5,5000000,7197399,85293000901,3391979594,88684980495,9133967486,0.1070892967712771,0.1944031448027266,1.000000138939081,1.0046014094285378,2.778781612635343e-07,0.0028357457293248,0.9999999999999228,0.999991958610823,41915342929,68224867660,1.6276824401882015,0.6143704541558945,71.61471652984619,deepseek_v32,5000000,total_tokens,1.0089973049283998,1.0000006946953066,1.0026128430553507,0.4601409428537817
sticky,sticky,5,5000000,7197399,85293000901,3391979594,88684980495,31795168684,0.372775823902653,0.5464405961097891,1.898814418931061,1.376305462745891,0.5780031033767529,0.264313382944128,0.7495759718925783,0.9347003699097004,41915342929,41915342929,1.0,1.0,73.08352088928223,deepseek_v32,5000000,total_tokens,2.0729106699334476,4.325665750354893,1.868463902801952,37.63054627458911
cache_first,cache_first,10,1125,7197399,85293000901,3391979594,88684980495,3834933702,0.0449618803593418,0.1027136330777271,1.0087116192946923,1.0091602542887792,0.0049297182896409,0.005929967429445,0.9999756984681636,0.9999648367227856,41915342929,72477668825,1.7291441214681038,0.5783207932667666,147.81478071212769,deepseek_v32,1125,total_tokens,1.0209026414396825,1.0163338900220202,1.0136051984894126,0.9160254288779202
load_first,load_first,10,1125,7197399,85293000901,3391979594,88684980495,456999106,0.0053579907046586,0.0229965019307669,1.0036153338171192,1.0071428461478409,0.0022124344787258,0.0045924659730533,0.9999951051576368,0.9999789097010968,41915342929,75338478953,1.797396220296113,0.5563603554453088,105.25161266326904,deepseek_v32,1125,total_tokens,1.0150593697035262,1.007162516766452,1.0046279454566185,0.7142846147840887
round_robin,round_robin,10,1125,7197399,85293000901,3391979594,88684980495,461756718,0.0054137703342852,0.0212360048400818,1.000000138939081,1.0108615556056562,4.168172418953013e-07,0.0043722143331903,0.9999999999998264,0.999980884107249,41915342929,76061722396,1.814651081940096,0.5510701257956825,81.52718687057495,deepseek_v32,1125,total_tokens,1.0186054198325372,1.0000013893906132,1.0058228906498632,1.086155560565616
sticky,sticky,10,1125,7197399,85293000901,3391979594,88684980495,1667252282,0.0195473516512238,0.0750378018503628,3.237641820329816,1.7424548465315426,0.915680076569801,0.3272419800187537,0.5439305501700662,0.903271122176136,41915342929,41915342929,1.0,1.0,82.1276752948761,deepseek_v32,1125,total_tokens,2.82320551926076,8.563704250870055,2.986158728663538,74.24548465315426
cache_first,cache_first,10,5000,7197399,85293000901,3391979594,88684980495,4007531894,0.0469854718636475,0.1204289216145999,1.002915080850735,1.0071215665938744,0.0024562358995392,0.0045331505502006,0.9999939669416038,0.9999794509683604,41915342929,72382174135,1.7268658461797026,0.5790837789815997,145.89261174201965,deepseek_v32,5000,total_tokens,1.0127016110247025,1.0086988236675078,1.0072373927357918,0.7121566593874418
load_first,load_first,10,5000,7197399,85293000901,3391979594,88684980495,518236144,0.0060759515848377,0.0296943381907825,1.0036153338171192,1.0071220330630686,0.0022124344787258,0.0046064608303929,0.9999951051576368,0.999978780968875,41915342929,75338478953,1.797396220296113,0.5563603554453088,105.38279938697816,deepseek_v32,5000,total_tokens,1.0150897954676037,1.007162516766452,1.0046279454566185,0.7122033063068578
round_robin,round_robin,10,5000,7197399,85293000901,3391979594,88684980495,508571084,0.0059626356046529,0.0261973804703615,1.000000138939081,1.0108622627618693,4.168172418953013e-07,0.0043757733350658,0.9999999999998264,0.9999808529743356,41915342929,76061722396,1.814651081940096,0.5510701257956825,82.40997052192688,deepseek_v32,5000,total_tokens,1.0186338273572806,1.0000013893906132,1.0058228906498632,1.0862262761869301
sticky,sticky,10,5000,7197399,85293000901,3391979594,88684980495,1932113232,0.0226526586189951,0.1054890801524272,3.237641820329816,1.7262264796768372,0.915680076569801,0.3222060980313583,0.5439305501700662,0.9059474611484604,41915342929,41915342929,1.0,1.0,81.7719452381134,deepseek_v32,5000,total_tokens,2.78853192813922,8.563704250870055,2.986158728663538,72.62264796768372
cache_first,cache_first,10,25000,7197399,85293000901,3391979594,88684980495,6053536619,0.0709734275386367,0.2139906374511125,1.00427529445012,1.005953151969433,0.0030401010305488,0.0035068608629045,0.9999907578711418,0.9999877020781288,41915342929,70955856800,1.692837320219268,0.5907242167076474,143.6005198955536,deepseek_v32,25000,total_tokens,1.0113002483803546,1.0084913189309255,1.006227513432146,0.5953151969432913
load_first,load_first,10,25000,7197399,85293000901,3391979594,88684980495,1090075586,0.0127803638573492,0.0583174560698941,1.0036153338171192,1.0070795167551003,0.0022124344787258,0.0046411468563104,0.9999951051576368,0.9999784602198302,41915342929,75338478953,1.797396220296113,0.5563603554453088,103.91847801208496,deepseek_v32,25000,total_tokens,1.0151884791545793,1.007162516766452,1.0046279454566185,0.7079516755100324
round_robin,round_robin,10,25000,7197399,85293000901,3391979594,88684980495,911851976,0.0106908183129632,0.0455440916920126,1.000000138939081,1.0110520472387927,4.168172418953013e-07,0.0044259854579602,0.9999999999998264,0.9999804110364608,41915342929,76061722396,1.814651081940096,0.5510701257956825,81.26494455337524,deepseek_v32,25000,total_tokens,1.0187741349912283,1.0000013893906132,1.0058228906498632,1.1052047238792717
sticky,sticky,10,25000,7197399,85293000901,3391979594,88684980495,5248351888,0.0615332070927107,0.2409332871499829,3.237641820329816,1.6018987623786505,0.915680076569801,0.2657764876837724,0.5439305501700662,0.9340232664516096,41915342929,41915342929,1.0,1.0,81.67608070373535,deepseek_v32,25000,total_tokens,2.4910221343755454,8.563704250870055,2.986158728663538,60.18987623786505
cache_first,cache_first,10,50000,7197399,85293000901,3391979594,88684980495,8294905637,0.0972518911209131,0.294550573061185,1.0066178073495715,1.0170099951893643,0.0044729302574547,0.0080647567657839,0.9999799932951882,0.999934963928274,41915342929,69221707070,1.6514646483330455,0.6055231039970363,140.79788279533386,deepseek_v32,50000,total_tokens,1.027506984618988,1.0168662726477817,1.0157518000727757,1.7009995189364302
load_first,load_first,10,50000,7197399,85293000901,3391979594,88684980495,1602052490,0.0187829302882602,0.0805531275951215,1.0036153338171192,1.007187586194414,0.0022124344787258,0.0046883893474177,0.9999951051576368,0.9999780194884806,41915342929,75338478953,1.797396220296113,0.5563603554453088,105.32434320449828,deepseek_v32,50000,total_tokens,1.0154106715145448,1.007162516766452,1.0046279454566185,0.7187586194413953
round_robin,round_robin,10,50000,7197399,85293000901,3391979594,88684980495,1242625975,0.0145689090766348,0.0591037123271893,1.000000138939081,1.0109011718015433,4.168172418953013e-07,0.0043810537229165,0.9999999999998264,0.9999808067366652,41915342929,76061722396,1.814651081940096,0.5510701257956825,80.9099349975586,deepseek_v32,50000,total_tokens,1.018541720760661,1.0000013893906132,1.0058228906498632,1.0901171801543263
sticky,sticky,10,50000,7197399,85293000901,3391979594,88684980495,7814833565,0.0916233862385814,0.3090105189388555,3.237641820329816,1.5090534320355609,0.915680076569801,0.2255652428629803,0.5439305501700662,0.9515837256968144,41915342929,41915342929,1.0,1.0,81.11760807037354,deepseek_v32,50000,total_tokens,2.2797815506844747,8.563704250870055,2.986158728663538,50.905343203556086
cache_first,cache_first,10,100000,7197399,85293000901,3391979594,88684980495,10348697158,0.1213311414615577,0.3513394213659684,1.0064552486252325,1.0067420082192566,0.0037168478678857,0.0045917097784563,0.9999861852327774,0.9999789166458276,41915342929,67618092421,1.613206231797689,0.619883546374379,147.93084573745728,deepseek_v32,100000,total_tokens,1.0179384186867113,1.0112857268502295,1.0080675907351682,0.6742008219256634
load_first,load_first,10,100000,7197399,85293000901,3391979594,88684980495,2126466124,0.0249313085661999,0.1006073166153495,1.0036153338171192,1.0070050891645936,0.0022124344787258,0.0046154415425974,0.9999951051576368,0.9999786981531448,41915342929,75338478953,1.797396220296113,0.5563603554453088,110.88771462440492,deepseek_v32,100000,total_tokens,1.015205060239657,1.007162516766452,1.0046279454566185,0.7005089164593636
round_robin,round_robin,10,100000,7197399,85293000901,3391979594,88684980495,1573367956,0.0184466244519432,0.070472263660803,1.000000138939081,1.0104913325910143,4.168172418953013e-07,0.0043115984923121,0.9999999999998264,0.9999814104640184,41915342929,76061722396,1.814651081940096,0.5510701257956825,85.64212703704834,deepseek_v32,100000,total_tokens,1.0181417191074644,1.0000013893906132,1.0058228906498632,1.0491332591014313
sticky,sticky,10,100000,7197399,85293000901,3391979594,88684980495,10028521993,0.1175773145165821,0.3536968007470476,3.237641820329816,1.433998460004756,0.915680076569801,0.1978415462242176,0.5439305501700662,0.9623330549337268,41915342929,41915342929,1.0,1.0,84.74351811408997,deepseek_v32,100000,total_tokens,2.1216098108671284,8.563704250870055,2.986158728663538,43.39984600047559
cache_first,cache_first,10,250000,7197399,85293000901,3391979594,88684980495,13242907997,0.1552637128147374,0.3922921321994237,1.005674410992082,1.0110326855784728,0.0032849372122656,0.0059668174051954,0.999989209303952,0.999964398357575,41915342929,65807296700,1.5700049695757077,0.6369406590287731,140.56041312217712,deepseek_v32,250000,total_tokens,1.0216418302260308,1.0101387183208663,1.0089498334894345,1.1032685578472812
load_first,load_first,10,250000,7197399,85293000901,3391979594,88684980495,2732793448,0.032040066818284,0.1147218599385694,1.0036153338171192,1.0075539767062314,0.0022124344787258,0.0047006806296509,0.9999951051576368,0.999977904089858,41915342929,75338478953,1.797396220296113,0.5563603554453088,105.83754301071168,deepseek_v32,250000,total_tokens,1.0161656048761853,1.007162516766452,1.0046279454566185,0.7553976706231369
round_robin,round_robin,10,250000,7197399,85293000901,3391979594,88684980495,2032454043,0.0238290835300668,0.080391819322508,1.000000138939081,1.0105222857611078,4.168172418953013e-07,0.0044765124452772,0.9999999999998264,0.9999799612378876,41915342929,76061722396,1.814651081940096,0.5510701257956825,81.8377742767334,deepseek_v32,250000,total_tokens,1.0189977903766922,1.0000013893906132,1.0058228906498632,1.0522285761107808
sticky,sticky,10,250000,7197399,85293000901,3391979594,88684980495,13276235565,0.1556544549348169,0.3951938748984182,3.237641820329816,1.394851024620982,0.915680076569801,0.1850949233505291,0.5439305501700662,0.9668747449168305,41915342929,41915342929,1.0,1.0,82.68345260620117,deepseek_v32,250000,total_tokens,2.0413753165186366,8.563704250870055,2.986158728663538,39.4851024620982
cache_first,cache_first,10,500000,7197399,85293000901,3391979594,88684980495,16549545754,0.194031697550531,0.4199999194153332,1.0017757803895546,1.0056288025277411,0.0014746585141079,0.004046290740173,0.9999978253869958,0.9999836277992992,41915342929,63883923819,1.5241178851193553,0.6561172267338684,138.38633608818054,deepseek_v32,500000,total_tokens,1.0119849759157877,1.0048079000068286,1.0047049063293867,0.5628802527741117
load_first,load_first,10,500000,7197399,85293000901,3391979594,88684980495,3294691485,0.0386279231612939,0.1202601106316323,1.0036153338171192,1.0076379150090355,0.0022124344787258,0.0045921655179578,0.9999951051576368,0.9999789124605494,41915342929,75338478953,1.797396220296113,0.5563603554453088,107.14669966697691,deepseek_v32,500000,total_tokens,1.0155542204677452,1.007162516766452,1.0046279454566185,0.7637915009035545
round_robin,round_robin,10,500000,7197399,85293000901,3391979594,88684980495,2494372888,0.0292447546885497,0.0852494074595558,1.000000138939081,1.0104834002493042,4.168172418953013e-07,0.0046230725155163,0.9999999999998264,0.999978627657303,41915342929,76061722396,1.814651081940096,0.5510701257956825,81.1562294960022,deepseek_v32,500000,total_tokens,1.019745619052158,1.0000013893906132,1.0058228906498632,1.0483400249304164
sticky,sticky,10,500000,7197399,85293000901,3391979594,88684980495,16677753854,0.1955348466793652,0.4237875376924358,3.237641820329816,1.4404651749721291,0.915680076569801,0.1991305144069119,0.5439305501700662,0.9618594249945382,41915342929,41915342929,1.0,1.0,81.53754878044128,deepseek_v32,500000,total_tokens,2.1279641121116413,8.563704250870055,2.986158728663538,44.04651749721291
cache_first,cache_first,10,1000000,7197399,85293000901,3391979594,88684980495,21110336869,0.2475037417607438,0.4608074389095283,1.0055410294746754,1.0073803657702036,0.0040838233506217,0.0050629335404255,0.999983322664979,0.999974367361014,41915342929,61048202492,1.4564643451780646,0.6865942192891388,138.08501648902893,deepseek_v32,1000000,total_tokens,1.017411392530745,1.0143975039841224,1.012141959846434,0.7380365770203623
load_first,load_first,10,1000000,7197399,85293000901,3391979594,88684980495,4052409494,0.0475116299249882,0.1265719741256528,1.0036153338171192,1.008016405592906,0.0022124344787258,0.0047600695394052,0.9999951051576368,0.9999773422513653,41915342929,75338478953,1.797396220296113,0.5563603554453088,104.6325294971466,deepseek_v32,1000000,total_tokens,1.0159035312886044,1.007162516766452,1.0046279454566185,0.8016405592905951
round_robin,round_robin,10,1000000,7197399,85293000901,3391979594,88684980495,3230814920,0.037879015697314,0.0914035750970593,1.000000138939081,1.0107886388080836,4.168172418953013e-07,0.0047834347886719,0.9999999999998264,0.9999771192751622,41915342929,76061722396,1.814651081940096,0.5510701257956825,80.9463062286377,deepseek_v32,1000000,total_tokens,1.0200580146714884,1.0000013893906132,1.0058228906498632,1.0788638808083562
sticky,sticky,10,1000000,7197399,85293000901,3391979594,88684980495,21699061967,0.2544061263852846,0.4665518751982487,3.237641820329816,1.530219993939867,0.915680076569801,0.2332500484128599,0.5439305501700662,0.9484016531643882,41915342929,41915342929,1.0,1.0,81.1994936466217,deepseek_v32,1000000,total_tokens,2.346143176822269,8.563704250870055,2.986158728663538,53.021999393986704
cache_first,cache_first,10,5000000,7197399,85293000901,3391979594,88684980495,38530593056,0.4517439021839863,0.5966938890007348,1.0050547426924643,1.0122752568623647,0.0035316827830315,0.0061699630214499,0.9999875273722884,0.9999619330054652,41915342929,48590910737,1.159263108482917,0.8626169440591114,138.46487593650818,deepseek_v32,5000000,total_tokens,1.0218783251811396,1.0112097405502125,1.0077842002547002,1.2275256862364747
load_first,load_first,10,5000000,7197399,85293000901,3391979594,88684980495,7418680803,0.0869787758037837,0.1534223682749838,1.0036153338171192,1.0083009625023178,0.0022124344787258,0.0049753832762316,0.9999951051576368,0.9999752461740218,41915342929,75338478953,1.797396220296113,0.5563603554453088,106.54178404808044,deepseek_v32,5000000,total_tokens,1.0159154058351643,1.007162516766452,1.0046279454566185,0.8300962502317821
round_robin,round_robin,10,5000000,7197399,85293000901,3391979594,88684980495,6648836295,0.077952894431717,0.118181998802623,1.000000138939081,1.0107808556321778,4.168172418953013e-07,0.0046166581132526,0.9999999999998264,0.9999786869221224,41915342929,76061722396,1.814651081940096,0.5510701257956825,82.87492418289185,deepseek_v32,5000000,total_tokens,1.0192865535163704,1.0000013893906132,1.0058228906498632,1.0780855632177788
sticky,sticky,10,5000000,7197399,85293000901,3391979594,88684980495,39107174688,0.4585039132741019,0.6010807515326022,3.237641820329816,2.00563322406026,0.915680076569801,0.4119793262044676,0.5439305501700662,0.8549003568640637,41915342929,41915342929,1.0,1.0,84.13559174537659,deepseek_v32,5000000,total_tokens,3.491823256680284,8.563704250870055,2.986158728663538,100.56332240602602
cache_first,cache_first,15,1125,7197399,85293000901,3391979594,88684980495,4811090555,0.0564066277909984,0.1189960428760445,1.0110819200102703,1.0125104877176616,0.0040747172397866,0.0068707872545116,0.9999833969550814,0.9999527945109666,41915342929,74714188073,1.7825021305338633,0.5610091471253937,181.83866548538208,deepseek_v32,1125,total_tokens,1.0280095431749825,1.017585331014911,1.0122918472920586,1.2510487717661611
load_first,load_first,15,1125,7197399,85293000901,3391979594,88684980495,438403018,0.0051399647493802,0.0225755165164526,1.0063906419527389,1.0120912228661194,0.0039523755693339,0.0071604706099551,0.9999843789713792,0.9999487302893618,41915342929,78589232725,1.874951443392019,0.5333471453484024,119.76152396202087,deepseek_v32,1125,total_tokens,1.0225958770368857,1.012460399495965,1.0127220387093334,1.209122286611941
round_robin,round_robin,15,1125,7197399,85293000901,3391979594,88684980495,436056113,0.005112448951188,0.0198967710418722,1.000000833634484,1.006310983504448,1.0209895586377155e-06,0.0048050287154642,0.9999999999989576,0.9999769122321012,41915342929,79421297413,1.8948025201065628,0.5277594838451874,89.39129638671875,deepseek_v32,1125,total_tokens,1.0148814062768026,1.000002084084472,1.006401738800504,0.631098350444792
sticky,sticky,15,1125,7197399,85293000901,3391979594,88684980495,1803222978,0.0211415117178607,0.0790589767220075,4.704724581755159,2.369326386509433,1.2073608291041735,0.4628401167638973,0.406881146003926,0.8235733212252907,41915342929,41915342929,1.0,1.0,93.3005588054657,deepseek_v32,1125,total_tokens,4.220821450530382,11.811272086099818,4.530470312481858,136.9326386509433
cache_first,cache_first,15,5000,7197399,85293000901,3391979594,88684980495,4998531223,0.0586042368095574,0.1372311025135608,1.005836275021018,1.0124197137951274,0.0040360067797775,0.0060744898364416,0.9999837109146122,0.9999631019347448,41915342929,74583039458,1.7793732377267075,0.5619956391372842,179.74675703048706,deepseek_v32,5000,total_tokens,1.0225482332418068,1.0128434359968772,1.0124587940003498,1.2419713795127407
load_first,load_first,15,5000,7197399,85293000901,3391979594,88684980495,497186317,0.0058291572784159,0.0291021798291299,1.0063906419527389,1.012073766086771,0.0039523755693339,0.007162452363168,0.9999843789713792,0.9999487019077744,41915342929,78589232725,1.874951443392019,0.5333471453484024,119.25841736793518,deepseek_v32,5000,total_tokens,1.022571736888939,1.012460399495965,1.0127220387093334,1.207376608677091
round_robin,round_robin,15,5000,7197399,85293000901,3391979594,88684980495,470574922,0.0055171575279218,0.0234575018003031,1.000000833634484,1.006291488139866,1.0209895586377155e-06,0.0048048824093937,0.9999999999989576,0.9999769136380242,41915342929,79421297413,1.8948025201065628,0.5277594838451874,89.80071878433228,deepseek_v32,5000,total_tokens,1.0148509574268547,1.000002084084472,1.006401738800504,0.6291488139865908
sticky,sticky,15,5000,7197399,85293000901,3391979594,88684980495,2090828749,0.0245134855956919,0.1120828510410496,4.704724581755159,2.342300043630765,1.2073608291041735,0.455844766307452,0.406881146003926,0.8279554515232039,41915342929,41915342929,1.0,1.0,91.90449643135072,deepseek_v32,5000,total_tokens,4.159227563106533,11.811272086099818,4.530470312481858,134.23000436307652
cache_first,cache_first,15,25000,7197399,85293000901,3391979594,88684980495,7131097598,0.0836070664963131,0.2377318528540657,1.0061968219352575,1.015940930967171,0.0037667083138209,0.0069523953271703,0.9999858121097775,0.9999516665354516,41915342929,72952731528,1.7404779832428887,0.5745548117401535,181.88280391693115,deepseek_v32,25000,total_tokens,1.0273636838961826,1.0128748972022221,1.0102592850464889,1.5940930967170974
load_first,load_first,15,25000,7197399,85293000901,3391979594,88684980495,1012831199,0.011874728152379,0.0550710055118522,1.0063906419527389,1.0120918043897396,0.0039523755693339,0.0071888913546036,0.9999843789713792,0.9999483225117924,41915342929,78589232725,1.874951443392019,0.5333471453484024,122.02859091758728,deepseek_v32,25000,total_tokens,1.0226648044792972,1.012460399495965,1.0127220387093334,1.2091804389739558
round_robin,round_robin,15,25000,7197399,85293000901,3391979594,88684980495,728758158,0.008544173030632,0.0358446155340283,1.000000833634484,1.0064029831504702,1.0209895586377155e-06,0.0048638361737305,0.9999999999989576,0.9999763436573108,41915342929,79421297413,1.8948025201065628,0.5277594838451874,90.5916600227356,deepseek_v32,25000,total_tokens,1.0150451422568478,1.000002084084472,1.006401738800504,0.6402983150470165
sticky,sticky,15,25000,7197399,85293000901,3391979594,88684980495,5752865073,0.0674482667068705,0.2578328643444667,4.704724581755159,2.1324626384083905,1.2073608291041735,0.3766203989563828,0.406881146003926,0.8757772003349436,41915342929,41915342929,1.0,1.0,94.51092410087584,deepseek_v32,25000,total_tokens,3.637013839370124,11.811272086099818,4.530470312481858,113.24626384083905
cache_first,cache_first,15,50000,7197399,85293000901,3391979594,88684980495,9316723034,0.1092319760775443,0.3169825655073451,1.007401423764335,1.012294336085791,0.0033947735474123,0.0058587633439003,0.999988475645374,0.9999656760702528,41915342929,71131697259,1.697032453712458,0.5892639223324118,174.3783028125763,deepseek_v32,50000,total_tokens,1.0236924551598934,1.0133434238827372,1.0104394748390488,1.2294336085791002
load_first,load_first,15,50000,7197399,85293000901,3391979594,88684980495,1426260060,0.0167218886067271,0.0728764655120551,1.0063906419527389,1.0122748228016898,0.0039523755693339,0.0072511471118595,0.9999843789713792,0.999947423629982,41915342929,78589232725,1.874951443392019,0.5333471453484024,118.8549737930298,deepseek_v32,50000,total_tokens,1.0233004031133717,1.012460399495965,1.0127220387093334,1.2274822801689789
round_robin,round_robin,15,50000,7197399,85293000901,3391979594,88684980495,927102836,0.0108696238402503,0.0435460087734471,1.000000833634484,1.0066748847522822,1.0209895586377155e-06,0.0049129265145395,0.9999999999989576,0.999975863735636,41915342929,79421297413,1.8948025201065628,0.5277594838451874,88.37696504592896,deepseek_v32,50000,total_tokens,1.0155042033671031,1.000002084084472,1.006401738800504,0.6674884752282173
sticky,sticky,15,50000,7197399,85293000901,3391979594,88684980495,8483727889,0.0994656982329312,0.3251150867139643,4.704724581755159,1.986072309465836,1.2073608291041735,0.3230998023152955,0.406881146003926,0.9054743767204094,41915342929,41915342929,1.0,1.0,90.73021149635316,deepseek_v32,50000,total_tokens,3.3063504731729485,11.811272086099818,4.530470312481858,98.60723094658358
cache_first,cache_first,15,100000,7197399,85293000901,3391979594,88684980495,11215407354,0.1314927043898687,0.365435624730545,1.0040918948636863,1.018431009400826,0.0034032351247501,0.0090093176104787,0.9999884181248272,0.9999188387838712,41915342929,69649289629,1.661665747241488,0.6018057492369259,175.67325901985168,deepseek_v32,100000,total_tokens,1.0351862127092746,1.01301085148748,1.013332817868456,1.8431009400825982
load_first,load_first,15,100000,7197399,85293000901,3391979594,88684980495,1808356622,0.0212017000562445,0.0862717212148444,1.0063906419527389,1.0125598489340617,0.0039523755693339,0.0072511031909293,0.9999843789713792,0.9999474242668676,41915342929,78589232725,1.874951443392019,0.5333471453484024,121.44816589355467,deepseek_v32,100000,total_tokens,1.0238556957132763,1.012460399495965,1.0127220387093334,1.2559848934061701
round_robin,round_robin,15,100000,7197399,85293000901,3391979594,88684980495,1128559913,0.0132315653228091,0.0492803025092814,1.000000833634484,1.006566705986159,1.0209895586377155e-06,0.004914485816639,0.9999999999989576,0.9999758484124714,41915342929,79421297413,1.8948025201065628,0.5277594838451874,91.34423804283142,deepseek_v32,100000,total_tokens,1.015432275224286,1.000002084084472,1.006401738800504,0.6566705986158938
sticky,sticky,15,100000,7197399,85293000901,3391979594,88684980495,10862664153,0.1273570402993364,0.3659680392875259,4.704724581755159,1.884655467128714,1.2073608291041735,0.2918696164016579,0.406881146003926,0.9214994241092644,41915342929,41915342929,1.0,1.0,93.45345735549928,deepseek_v32,100000,total_tokens,3.141790101648471,11.811272086099818,4.530470312481858,88.46554671287139
cache_first,cache_first,15,250000,7197399,85293000901,3391979594,88684980495,14822912615,0.1737881474261297,0.4058992700001764,1.00646566905628,1.013045392127933,0.0043563788385911,0.0073623120775984,0.9999810223235736,0.9999457992987474,41915342929,67257256075,1.6045975381598672,0.6232092323579081,177.8799273967743,deepseek_v32,250000,total_tokens,1.025549332695705,1.0171015774730945,1.013185418182583,1.3045392127932987
load_first,load_first,15,250000,7197399,85293000901,3391979594,88684980495,2318268073,0.0271800505142365,0.0945654117549965,1.0063906419527389,1.0119828845384244,0.0039523755693339,0.00704378660462,0.9999843789713792,0.9999503875317878,41915342929,78589232725,1.874951443392019,0.5333471453484024,123.7426266670227,deepseek_v32,250000,total_tokens,1.0231401721470645,1.012460399495965,1.0127220387093334,1.1982884538424443
round_robin,round_robin,15,250000,7197399,85293000901,3391979594,88684980495,1469776811,0.0172320916777916,0.0545433148836128,1.000000833634484,1.0069943596865811,1.0209895586377155e-06,0.004829615959406,0.9999999999989576,0.9999766753537362,41915342929,79421297413,1.8948025201065628,0.5277594838451874,91.2012972831726,deepseek_v32,250000,total_tokens,1.0155540995204053,1.000002084084472,1.006401738800504,0.6994359686581131
sticky,sticky,15,250000,7197399,85293000901,3391979594,88684980495,14967615154,0.1754846821648705,0.4107636661521752,4.704724581755159,1.8562917909639416,1.2073608291041735,0.284898258825609,0.406881146003926,0.924926476169353,41915342929,41915342929,1.0,1.0,94.70576071739195,deepseek_v32,250000,total_tokens,3.2190635216083905,11.811272086099818,4.530470312481858,85.62917909639415
cache_first,cache_first,15,500000,7197399,85293000901,3391979594,88684980495,18852031037,0.2210267060351369,0.4407471365697525,1.0067074230565791,1.011239702965178,0.004491321528112,0.005674418415832,0.9999798284378312,0.999967802012386,41915342929,64477735836,1.538284821985549,0.6500746712882761,173.456312417984,deepseek_v32,500000,total_tokens,1.0193737713623274,1.015393411712278,1.0139724774660204,1.1239702965178067
load_first,load_first,15,500000,7197399,85293000901,3391979594,88684980495,2809197355,0.0329358484907882,0.0986357710611847,1.0063906419527389,1.010090390702732,0.0039523755693339,0.0065792207458364,0.9999843789713792,0.9999567157279868,41915342929,78589232725,1.874951443392019,0.5333471453484024,121.98849654197691,deepseek_v32,500000,total_tokens,1.0206091098234042,1.012460399495965,1.0127220387093334,1.00903907027321
round_robin,round_robin,15,500000,7197399,85293000901,3391979594,88684980495,1880153674,0.0220434696181261,0.0582270067284028,1.000000833634484,1.0067776030569378,1.0209895586377155e-06,0.0047272208566066,0.9999999999989576,0.9999776538823328,41915342929,79421297413,1.8948025201065628,0.5277594838451874,89.82217478752136,deepseek_v32,500000,total_tokens,1.0151481739311423,1.000002084084472,1.006401738800504,0.6777603056937753
sticky,sticky,15,500000,7197399,85293000901,3391979594,88684980495,19387834920,0.2273086269118793,0.4481373062685562,4.704724581755159,1.9455703233513248,1.2073608291041735,0.3112965224501995,0.406881146003926,0.9116555412560786,41915342929,41915342929,1.0,1.0,92.57810544967651,deepseek_v32,500000,total_tokens,3.5368580792347415,11.811272086099818,4.530470312481858,94.55703233513249
cache_first,cache_first,15,1000000,7197399,85293000901,3391979594,88684980495,24799879862,0.2907610190757075,0.4920937410861896,1.0133973397889988,1.0118596428981752,0.0065077164775753,0.0065425105606675,0.9999576514197256,0.9999571973877056,41915342929,60143382831,1.4348775085265628,0.6969236008353585,171.649352312088,deepseek_v32,1000000,total_tokens,1.0268327721270762,1.0234167491002462,1.018123560047876,1.1859642898175204
load_first,load_first,15,1000000,7197399,85293000901,3391979594,88684980495,3473157734,0.0407203134760296,0.1040066001620863,1.0063906419527389,1.010858203706205,0.0039523755693339,0.0066854806606484,0.9999843789713792,0.9999553063459482,41915342929,78589232725,1.874951443392019,0.5333471453484024,121.49993062019348,deepseek_v32,1000000,total_tokens,1.0208952916277025,1.012460399495965,1.0127220387093334,1.085820370620505
round_robin,round_robin,15,1000000,7197399,85293000901,3391979594,88684980495,2543176755,0.0298169454484533,0.0635403150499229,1.000000833634484,1.007144732853949,1.0209895586377155e-06,0.00496847685739,0.9999999999989576,0.9999753148470892,41915342929,79421297413,1.8948025201065628,0.5277594838451874,91.19431614875792,deepseek_v32,1000000,total_tokens,1.0157159396028443,1.000002084084472,1.006401738800504,0.7144732853948899
sticky,sticky,15,1000000,7197399,85293000901,3391979594,88684980495,25946818809,0.3042080655494417,0.5021320896618348,4.704724581755159,2.1341162564662444,1.2073608291041735,0.3695428926943874,0.406881146003926,0.8798464530718334,41915342929,41915342929,1.0,1.0,92.43353366851808,deepseek_v32,1000000,total_tokens,4.154177883691522,11.811272086099818,4.530470312481858,113.41162564662443
cache_first,cache_first,15,5000000,7197399,85293000901,3391979594,88684980495,40972015351,0.4803678486885039,0.6149707693015213,1.0084101214897216,1.0127206339096422,0.0050652494223305,0.006310728688635,0.9999743439065416,0.9999601762894096,41915342929,47023744768,1.1218742704229587,0.8913654821792011,173.2443344593048,deepseek_v32,5000000,total_tokens,1.0225002824696414,1.015603584164692,1.011448760473294,1.2720633909642176
load_first,load_first,15,5000000,7197399,85293000901,3391979594,88684980495,6253406449,0.0733167596747869,0.1260948573227634,1.0063906419527389,1.0112919248241905,0.0039523755693339,0.0066319952776112,0.9999843789713792,0.9999560185730888,41915342929,78589232725,1.874951443392019,0.5333471453484024,126.15525412559508,deepseek_v32,5000000,total_tokens,1.020781695136841,1.012460399495965,1.0127220387093334,1.1291924824190502
round_robin,round_robin,15,5000000,7197399,85293000901,3391979594,88684980495,5378065109,0.0630540026987952,0.0855189492759815,1.000000833634484,1.0085130582340784,1.0209895586377155e-06,0.0052716556792844,0.9999999999989576,0.9999722104186812,41915342929,79421297413,1.8948025201065628,0.5277594838451874,94.6126194000244,deepseek_v32,5000000,total_tokens,1.017313708670034,1.000002084084472,1.006401738800504,0.8513058234078441
sticky,sticky,15,5000000,7197399,85293000901,3391979594,88684980495,41583687155,0.487539267181681,0.6197547197258343,4.704724581755159,2.8186881061558284,1.2073608291041735,0.5762037316900861,0.406881146003926,0.7507446972158095,41915342929,41915342929,1.0,1.0,96.93741273880003,deepseek_v32,5000000,total_tokens,5.657222148028331,11.811272086099818,4.530470312481858,181.86881061558285
cache_first,cache_first,20,1125,7197399,85293000901,3391979594,88684980495,5547497400,0.0650404762571199,0.1316815977549667,1.0085059894553574,1.01281703965126,0.0047757097072649,0.0074641904450601,0.9999771931169578,0.9999442889648924,41915342929,75816046302,1.8087898369440536,0.5528558263515555,218.1492898464203,deepseek_v32,1125,total_tokens,1.0312015926290123,1.020512488858021,1.0160105115181897,1.281703965125991
load_first,load_first,20,1125,7197399,85293000901,3391979594,88684980495,422603618,0.0049547279792689,0.0222499822505324,1.006955429315507,1.0117446509448864,0.0042578967414312,0.0057249882955384,0.9999818706440188,0.9999672255832136,41915342929,80453685247,1.9194328287682083,0.520987233839148,136.7507996559143,deepseek_v32,1125,total_tokens,1.020960662051586,1.015056064582814,1.0186077652027394,1.1744650944886414
round_robin,round_robin,20,1125,7197399,85293000901,3391979594,88684980495,395697901,0.0046392775118709,0.0180684716798387,1.000000138939081,1.01268919493978,6.056214117823221e-07,0.0062859878919681,0.9999999999996332,0.9999604879174884,41915342929,81335971846,1.940482080363132,0.5153358591246898,98.9073932170868,deepseek_v32,1125,total_tokens,1.027368745313302,1.0000027787812265,1.0074501060911742,1.2689194939780046
sticky,sticky,20,1125,7197399,85293000901,3391979594,88684980495,1871346323,0.0219402096682244,0.0802549643280857,6.26047270687647,3.141538865992441,1.4676335872444488,0.6109788649960467,0.3170628970949657,0.7281755731157767,41915342929,41915342929,1.0,1.0,99.89061331748962,deepseek_v32,1125,total_tokens,5.247438237562911,17.037137585262936,5.515275717070244,214.15388659924412
cache_first,cache_first,20,5000,7197399,85293000901,3391979594,88684980495,5724586583,0.0671167214487453,0.1504982563840076,1.008075278305399,1.014149406454789,0.0060381608870793,0.0077816997669628,0.9999635419423402,0.9999394488154048,41915342929,75660410938,1.8050767487733657,0.553993064660296,217.0113594532013,deepseek_v32,5000,total_tokens,1.03027895917669,1.0221373830722416,1.0205144031205053,1.4149406454788904
load_first,load_first,20,5000,7197399,85293000901,3391979594,88684980495,480036179,0.0056280840623391,0.0286047779204682,1.006955429315507,1.011741430069312,0.0042578967414312,0.0057259494943798,0.9999818706440188,0.999967214577307,41915342929,80453685247,1.9194328287682083,0.520987233839148,136.15326380729675,deepseek_v32,5000,total_tokens,1.0209281706478444,1.015056064582814,1.0186077652027394,1.1741430069311942
round_robin,round_robin,20,5000,7197399,85293000901,3391979594,88684980495,420856886,0.0049342487842406,0.0206275906059953,1.000000138939081,1.0126745716425851,6.056214117823221e-07,0.0062948216531257,0.9999999999996332,0.9999603767904164,41915342929,81335971846,1.940482080363132,0.5153358591246898,98.75265645980836,deepseek_v32,5000,total_tokens,1.027392568141879,1.0000027787812265,1.0074501060911742,1.267457164258512
sticky,sticky,20,5000,7197399,85293000901,3391979594,88684980495,2163151534,0.0253614190044829,0.1137195534108919,6.26047270687647,3.105371268219625,1.4676335872444488,0.6027387912075439,0.3170628970949657,0.7335174679939948,41915342929,41915342929,1.0,1.0,98.47692942619324,deepseek_v32,5000,total_tokens,5.169854290241667,17.037137585262936,5.515275717070244,210.53712682196252
cache_first,cache_first,20,25000,7197399,85293000901,3391979594,88684980495,7879278136,0.0923789531704426,0.2538924130786691,1.008372607937951,1.0098421728329747,0.0041049570042075,0.0053737507321446,0.999983149611934,0.999971123636937,41915342929,73950733391,1.7642879247406955,0.5668009092943115,212.64021682739255,deepseek_v32,25000,total_tokens,1.0200647457860275,1.0162682909752854,1.0148007454803267,0.9842172832974727
load_first,load_first,20,25000,7197399,85293000901,3391979594,88684980495,954035904,0.0111853949787433,0.0524910457236009,1.006955429315507,1.0117079469229615,0.0042578967414312,0.0057213272039138,0.9999818706440188,0.9999672674864786,41915342929,80453685247,1.9194328287682083,0.520987233839148,135.04742527008057,deepseek_v32,25000,total_tokens,1.0209002338799391,1.015056064582814,1.0186077652027394,1.170794692296151
round_robin,round_robin,20,25000,7197399,85293000901,3391979594,88684980495,593295547,0.0069559699006093,0.028812352906932,1.000000138939081,1.0128135228860489,6.056214117823221e-07,0.0063505270532079,0.9999999999996332,0.9999596724325244,41915342929,81335971846,1.940482080363132,0.5153358591246898,99.36896681785583,deepseek_v32,25000,total_tokens,1.0273810631348808,1.0000027787812265,1.0074501060911742,1.2813522886048867
sticky,sticky,20,25000,7197399,85293000901,3391979594,88684980495,5891884663,0.0690781728953204,0.2614629257041328,6.26047270687647,2.825421150622901,1.4676335872444488,0.5070955021684738,0.3170628970949657,0.7954526527982104,41915342929,41915342929,1.0,1.0,98.78256797790527,deepseek_v32,25000,total_tokens,4.508832442055165,17.037137585262936,5.515275717070244,182.54211506229007
cache_first,cache_first,20,50000,7197399,85293000901,3391979594,88684980495,9962027874,0.1167977180866572,0.3303079348525766,1.0097703350891063,1.016211307127416,0.0046551277591107,0.0069710847571873,0.9999783302551344,0.9999514063387668,41915342929,72175865440,1.7219438133253022,0.580739041693159,212.20383191108704,deepseek_v32,50000,total_tokens,1.0270815756835585,1.018056154781449,1.0139911947224713,1.621130712741592
load_first,load_first,20,50000,7197399,85293000901,3391979594,88684980495,1302637262,0.0152724988948621,0.067366975208683,1.006955429315507,1.01168851850144,0.0042578967414312,0.0056594581844353,0.9999818706440188,0.9999679715589126,41915342929,80453685247,1.9194328287682083,0.520987233839148,136.30069661140442,deepseek_v32,50000,total_tokens,1.0207794694942316,1.015056064582814,1.0186077652027394,1.1688518501439926
round_robin,round_robin,20,50000,7197399,85293000901,3391979594,88684980495,723494136,0.0084824561025794,0.0335850492657139,1.000000138939081,1.0128381253596528,6.056214117823221e-07,0.0063630299192592,0.9999999999996332,0.9999595134894704,41915342929,81335971846,1.940482080363132,0.5153358591246898,100.1449978351593,deepseek_v32,50000,total_tokens,1.0274086085841798,1.0000027787812265,1.0074501060911742,1.2838125359652786
sticky,sticky,20,50000,7197399,85293000901,3391979594,88684980495,8704166507,0.1020501848340752,0.32941580701584,6.26047270687647,2.630584172754425,1.4676335872444488,0.4411406216643924,0.3170628970949657,0.8370967472514684,41915342929,41915342929,1.0,1.0,101.38316583633424,deepseek_v32,50000,total_tokens,4.072617186254355,17.037137585262936,5.515275717070244,163.05841727544248
cache_first,cache_first,20,100000,7197399,85293000901,3391979594,88684980495,11902638251,0.1395499997100049,0.3743667677726356,1.0156307855101545,1.0165356339932108,0.0062401401942581,0.0084727932294379,0.99996106216657,0.9999282169280704,41915342929,70634441859,1.6851691271772966,0.5934122479890352,209.6496183872223,deepseek_v32,100000,total_tokens,1.0309074818165629,1.0260660114370415,1.0201121854282535,1.6535633993210785
load_first,load_first,20,100000,7197399,85293000901,3391979594,88684980495,1619545511,0.0189880235645573,0.0773211267014653,1.006955429315507,1.011605747426091,0.0042578967414312,0.0056603148292898,0.9999818706440188,0.9999679618625082,41915342929,80453685247,1.9194328287682083,0.520987233839148,134.95017337799072,deepseek_v32,100000,total_tokens,1.0204300471198549,1.015056064582814,1.0186077652027394,1.1605747426091106
round_robin,round_robin,20,100000,7197399,85293000901,3391979594,88684980495,867986308,0.0101765244373037,0.0370018391366103,1.000000138939081,1.0128172966413858,6.056214117823221e-07,0.0063858674667663,0.9999999999996332,0.9999592223595803,41915342929,81335971846,1.940482080363132,0.5153358591246898,99.23558163642883,deepseek_v32,100000,total_tokens,1.0273154766507464,1.0000027787812265,1.0074501060911742,1.2817296641385756
sticky,sticky,20,100000,7197399,85293000901,3391979594,88684980495,11382387638,0.1334504299035227,0.3725029000059605,6.26047270687647,2.505287896058812,1.4676335872444488,0.401660190647616,0.3170628970949657,0.8610810170164348,41915342929,41915342929,1.0,1.0,98.43415832519533,deepseek_v32,100000,total_tokens,3.781485649881422,17.037137585262936,5.515275717070244,150.5287896058812
cache_first,cache_first,20,250000,7197399,85293000901,3391979594,88684980495,16118289948,0.1889755287975924,0.4171823737992016,1.014041322427727,1.0184163434580318,0.0052513748752827,0.0072080533165016,0.9999724238223858,0.9999480466666756,41915342929,67637963434,1.613680306721367,0.6197014339424973,208.4904544353485,deepseek_v32,250000,total_tokens,1.0320388977754595,1.0241123446673328,1.026255671766791,1.841634345803178
load_first,load_first,20,250000,7197399,85293000901,3391979594,88684980495,2093364230,0.0245432123138659,0.0831693504834176,1.006955429315507,1.01087622818974,0.0042578967414312,0.0056417881822997,0.9999818706440188,0.9999681712392082,41915342929,80453685247,1.9194328287682083,0.520987233839148,137.18202185630798,deepseek_v32,250000,total_tokens,1.0194625488335167,1.015056064582814,1.0186077652027394,1.08762281897401
round_robin,round_robin,20,250000,7197399,85293000901,3391979594,88684980495,1166186893,0.0136727150021793,0.0406359297296148,1.000000138939081,1.0128812374983809,6.056214117823221e-07,0.0064142459152893,0.9999999999996332,0.999958859141978,41915342929,81335971846,1.940482080363132,0.5153358591246898,97.19434452056883,deepseek_v32,250000,total_tokens,1.0283356389353437,1.0000027787812265,1.0074501060911742,1.2881237498380882
sticky,sticky,20,250000,7197399,85293000901,3391979594,88684980495,16316870845,0.1913037491076093,0.4242674332769379,6.26047270687647,2.492057519812566,1.4676335872444488,0.3924013293089943,0.3170628970949657,0.8665670436834016,41915342929,41915342929,1.0,1.0,99.58802580833436,deepseek_v32,250000,total_tokens,3.6489719235468083,17.037137585262936,5.515275717070244,149.20575198125658
cache_first,cache_first,20,500000,7197399,85293000901,3391979594,88684980495,20871176429,0.2446997550622621,0.4588065772093502,1.0104122336416252,1.0125228140302938,0.004762043336104,0.0066824138859909,0.9999773234575025,0.9999553473386054,41915342929,64049013424,1.5280565289061816,0.6544260510544222,205.91937470436096,deepseek_v32,500000,total_tokens,1.0250314607934687,1.018403739563699,1.0181110746200566,1.252281403029376
load_first,load_first,20,500000,7197399,85293000901,3391979594,88684980495,2532819757,0.029695516985501,0.0866597780670489,1.006955429315507,1.0109713197024863,0.0042578967414312,0.0056675197059364,0.9999818706440188,0.999967880252094,41915342929,80453685247,1.9194328287682083,0.520987233839148,136.8167643547058,deepseek_v32,500000,total_tokens,1.019435443886581,1.015056064582814,1.0186077652027394,1.0971319702486326
round_robin,round_robin,20,500000,7197399,85293000901,3391979594,88684980495,1553031825,0.0182081977254219,0.0438459782485311,1.000000138939081,1.0137571666056242,6.056214117823221e-07,0.0065768387051317,0.9999999999996332,0.999956747063544,41915342929,81335971846,1.940482080363132,0.5153358591246898,99.46832299232484,deepseek_v32,500000,total_tokens,1.0294383419142794,1.0000027787812265,1.0074501060911742,1.3757166605624205
sticky,sticky,20,500000,7197399,85293000901,3391979594,88684980495,21827526982,0.2559122876604531,0.470077732247441,6.26047270687647,2.647960940170523,1.4676335872444488,0.4321623083432018,0.3170628970949657,0.8426273296820568,41915342929,41915342929,1.0,1.0,99.78123331069946,deepseek_v32,500000,total_tokens,3.9660449034214356,17.037137585262936,5.515275717070244,164.7960940170523
cache_first,cache_first,20,1000000,7197399,85293000901,3391979594,88684980495,27985295137,0.3281077561039582,0.5174845801934838,1.0066136391771527,1.0197667173804428,0.0046511979650941,0.0080920482331124,0.999978366825494,0.9999345230429058,41915342929,58353481213,1.3921747297128024,0.7183006404708223,205.28269982337952,deepseek_v32,1000000,total_tokens,1.034044879217593,1.0150242792576964,1.0150618079232179,1.9766717380442778
load_first,load_first,20,1000000,7197399,85293000901,3391979594,88684980495,3134813422,0.0367534661564856,0.091483326129342,1.006955429315507,1.0105606775694425,0.0042578967414312,0.0055414048681469,0.9999818706440188,0.9999692937749886,41915342929,80453685247,1.9194328287682083,0.520987233839148,137.46934986114502,deepseek_v32,1000000,total_tokens,1.0192515993567253,1.015056064582814,1.0186077652027394,1.0560677569442456
round_robin,round_robin,20,1000000,7197399,85293000901,3391979594,88684980495,2166147193,0.0253965409836412,0.0486196471808774,1.000000138939081,1.0139575492799089,6.056214117823221e-07,0.0066869435810063,0.9999999999996332,0.9999552867849052,41915342929,81335971846,1.940482080363132,0.5153358591246898,99.56971049308775,deepseek_v32,1000000,total_tokens,1.0298259416245317,1.0000027787812265,1.0074501060911742,1.3957549279908887
sticky,sticky,20,1000000,7197399,85293000901,3391979594,88684980495,29656601554,0.3477026396154423,0.5317379236582549,6.26047270687647,2.976642491757471,1.4676335872444488,0.5221216918887052,0.3170628970949657,0.7857860351328668,41915342929,41915342929,1.0,1.0,100.215882062912,deepseek_v32,1000000,total_tokens,4.687991209996923,17.037137585262936,5.515275717070244,197.66424917574713
cache_first,cache_first,20,5000000,7197399,85293000901,3391979594,88684980495,42301096719,0.4959503859888701,0.6246795543779079,1.0118599788618083,1.023809436423929,0.0059829343787106,0.0096874819072062,0.9999642057774922,0.999906161500788,41915342929,46001239296,1.0974797313222764,0.9111785588925364,203.44298005104065,deepseek_v32,5000000,total_tokens,1.044604407089278,1.0223052606164056,1.0256287587884862,2.3809436423928965
load_first,load_first,20,5000000,7197399,85293000901,3391979594,88684980495,5459163840,0.0640048278561153,0.1099681982338341,1.006955429315507,1.0110537936731412,0.0042578967414312,0.0054351535482764,0.9999818706440188,0.9999704599785452,41915342929,80453685247,1.9194328287682083,0.520987233839148,138.69964504241943,deepseek_v32,5000000,total_tokens,1.0199735645646504,1.015056064582814,1.0186077652027394,1.1053793673141188
round_robin,round_robin,20,5000000,7197399,85293000901,3391979594,88684980495,4541832403,0.0532497667454768,0.0670174044818135,1.000000138939081,1.0136820569930598,6.056214117823221e-07,0.0068497049392267,0.9999999999996332,0.9999530837434838,41915342929,81335971846,1.940482080363132,0.5153358591246898,100.08999729156494,deepseek_v32,5000000,total_tokens,1.0295566725332905,1.0000027787812265,1.0074501060911742,1.36820569930598
sticky,sticky,20,5000000,7197399,85293000901,3391979594,88684980495,43054653954,0.5047853106255898,0.6302640717848211,6.26047270687647,3.825885035161329,1.4676335872444488,0.754914333441443,0.3170628970949657,0.6369850120088569,41915342929,41915342929,1.0,1.0,100.43640899658205,deepseek_v32,5000000,total_tokens,6.299706998432797,17.037137585262936,5.515275717070244,282.5885035161329
